ASV_ID	TDL_EC_49_12S	TDL_FS_10_12S	TDL_FS_11_12S	TDL_FS_12_12S	TDL_FS_13_12S	TDL_FS_14_12S	TDL_FS_15_12S	TDL_FS_16_12S	TDL_FS_17_12S	TDL_FS_18_12S	TDL_FS_19_12S	TDL_FS_1_12S	TDL_FS_20_12S	TDL_FS_21_12S	TDL_FS_22_12S	TDL_FS_23_12S	TDL_FS_24_12S	TDL_FS_25_12S	TDL_FS_26_12S	TDL_FS_27_12S	TDL_FS_28_12S	TDL_FS_29_12S	TDL_FS_2_12S	TDL_FS_30_12S	TDL_FS_31_12S	TDL_FS_32_12S	TDL_FS_33_12S	TDL_FS_34_12S	TDL_FS_35_12S	TDL_FS_36_12S	TDL_FS_37_12S	TDL_FS_38_12S	TDL_FS_39_12S	TDL_FS_3_12S	TDL_FS_40_12S	TDL_FS_41_12S	TDL_FS_42_12S	TDL_FS_43_12S	TDL_FS_44_12S	TDL_FS_45_12S	TDL_FS_46_12S	TDL_FS_47_12S	TDL_FS_48_12S	TDL_FS_4_12S	TDL_FS_5_12S	TDL_FS_6_12S	TDL_FS_7_12S	TDL_FS_8_12S	TDL_FS_9_12S
0095546d32b29586b1c1ae508b8b4869	0	0	0	0	0	0	0	0	0	0	0	0	0	0	157	0	0	0	0	0	0	0	0	0	0	0	0	0	0	0	0	0	0	0	0	0	0	0	0	0	0	0	0	0	0	0	0	0	0
02af37069efe14191838e3ded56eba42	0	0	0	0	0	0	0	0	0	0	0	0	0	0	0	0	0	0	0	0	0	0	0	0	0	28	0	0	0	0	0	0	0	0	0	0	0	0	0	0	0	0	0	0	0	0	0	0	0
032747b5e01bbdc74f3e3e59d9c2275f	0	0	0	0	0	0	0	0	0	0	0	0	0	0	0	0	0	0	0	0	0	0	0	0	0	46	0	0	0	0	0	0	0	0	0	0	0	0	0	0	0	0	0	0	0	0	0	0	0
033531a8711295f5cf38c1111629eb77	0	0	0	0	0	0	0	0	0	0	0	0	0	0	0	0	0	51	0	0	0	0	0	0	0	0	0	0	0	0	0	0	0	0	0	0	0	0	0	0	0	0	0	0	0	0	0	0	0
034322cbcf294c38e4e86fcecaeb7665	0	0	0	0	0	0	0	0	0	0	0	0	0	0	0	285	0	0	0	0	0	0	0	0	0	0	0	0	0	0	0	0	0	0	0	0	0	0	0	0	0	0	0	0	0	0	0	0	0
037bd6992d173dfbcd22d76af622fa5b	0	0	0	0	0	0	0	0	0	0	0	0	0	0	0	0	0	0	0	0	0	7	0	0	0	0	0	0	0	0	0	0	0	0	0	0	0	0	0	0	0	0	0	0	0	0	0	0	0
0437f2363acf453d6291ceda4abba683	0	0	0	0	0	0	0	0	0	0	0	0	0	0	0	0	0	0	0	0	0	6	0	0	0	0	0	0	0	0	0	0	0	0	0	0	0	0	0	0	0	0	0	0	0	0	0	0	0
0468c507e97ebcafbbb60e0c70befa2e	0	0	0	0	0	0	0	0	0	0	0	0	0	0	0	0	0	0	0	0	0	0	0	0	0	0	0	0	0	0	0	0	0	0	0	0	0	0	0	0	0	0	90	0	0	0	0	0	0
04b7800c7f90cbcfb4fd58ebbda70f82	0	0	0	0	0	0	0	0	0	0	0	0	0	0	0	0	0	112	46	5	0	4	0	0	187	68	712	318	12	23	0	0	0	0	0	0	0	131	0	0	0	0	0	0	0	0	0	0	0
04cfede74e6ba9a2e6889016b90bb4e4	0	0	0	0	0	0	0	0	0	0	0	0	0	0	0	0	0	0	0	0	0	0	0	0	0	0	0	0	0	0	0	0	0	0	0	0	0	0	113	0	0	0	0	0	0	0	0	0	0
060ba27b56f58c034440c81a8ed55f51	0	0	0	0	0	0	0	0	0	0	0	0	0	0	0	0	0	0	0	0	0	0	0	0	0	0	0	0	0	0	0	0	0	0	0	0	0	0	62	0	0	0	0	0	0	0	0	0	0
068ee093c84290d4506c27d041cadfb1	0	0	0	0	0	107	0	0	0	0	0	0	0	0	0	0	0	0	0	0	0	0	0	0	0	0	0	0	0	0	0	0	0	0	0	0	0	0	0	0	0	0	0	0	0	0	0	0	0
072eff78dfd4d6ee7d89b57c63c82827	0	0	0	0	0	0	0	0	0	0	0	0	0	0	0	0	0	0	0	0	0	0	0	0	0	0	0	0	0	0	0	0	0	0	0	0	26	0	0	0	0	0	0	0	0	0	0	0	0
079e672358ebe3e2d09131fd0d303753	0	0	0	0	0	0	0	0	0	0	0	0	0	0	0	0	0	0	0	0	0	0	0	0	0	0	0	0	0	0	0	33	0	0	0	0	0	0	0	0	0	0	0	0	0	0	0	0	0
088fe13fa02373ceebeefea46a158220	0	0	0	0	0	0	0	0	0	0	0	0	0	0	0	0	0	0	0	0	0	0	0	0	0	0	0	0	0	0	156	698	125	0	732	192	97	0	0	0	0	0	0	0	0	0	0	0	0
08bd987bd944513cc896ab3b3c3eed38	0	0	0	0	0	0	0	0	0	0	0	0	0	0	0	0	0	0	0	0	0	0	0	0	0	0	0	0	0	0	0	0	0	0	0	7	0	0	0	0	0	0	0	0	0	0	0	0	0
09351b480c58a99c4150d54ebbc97c6c	0	0	0	0	0	0	0	0	0	0	0	0	0	0	0	0	0	0	0	0	0	0	0	0	0	472	0	0	0	31	0	0	0	0	65	0	0	0	0	0	0	0	97	0	0	0	0	0	0
099613aedb46ca6353dd3f34ae2daec4	0	10	0	0	0	0	0	0	0	0	0	441	0	0	0	0	0	0	0	0	0	0	0	0	0	0	0	0	17	0	0	0	56	39	0	3	75	0	0	0	8	45	49	0	0	0	0	0	0
0a6108b3c6bbca90164970efbea23261	55	0	0	0	0	0	0	0	0	0	0	0	0	0	0	0	0	0	0	0	0	0	0	0	0	0	0	0	0	0	0	0	0	0	0	0	0	0	0	0	0	0	0	0	0	0	0	0	0
0a8b15612d598036ad8233b836e36005	0	0	0	0	0	0	33	0	0	0	0	0	0	0	0	0	0	0	0	0	0	0	0	0	0	0	0	0	0	0	0	0	0	0	0	0	0	0	0	0	0	0	0	0	0	0	0	0	0
0ad9142dc74ab0ef2021cfff48d4194d	0	0	0	0	0	0	0	0	0	0	121	0	0	0	0	0	0	0	0	0	0	0	0	0	0	0	0	0	0	0	0	0	0	0	0	0	0	0	0	0	0	0	0	0	0	0	0	0	0
0b32bb8a09ca7b71e484a7f41ce2422b	0	0	0	0	0	0	0	0	0	0	0	0	0	0	0	0	0	0	0	0	0	120	0	0	0	0	0	0	0	0	0	0	0	0	0	0	0	0	0	0	0	0	0	0	0	0	0	0	0
0c1953958636362ca2347e398eb8c36c	0	0	0	0	0	0	0	0	0	0	0	278	0	0	0	0	0	0	9	0	0	0	0	0	0	0	0	0	14	4	0	0	69	0	0	92	0	0	0	0	2	52	20	0	0	0	0	0	0
0c345c9a2aa92abab556aa04441cf718	406	2074	1050	667	0	740	240	105	262	248	3901	4151	557	1715	4525	4103	13394	18188	15439	16366	11559	4701	9263	11120	7206	1344	5023	17602	3415	10685	1995	715	381	806	484	245	669	10195	9971	3058	281	407	2360	868	2157	409	1432	720	8600
0c8fbc8c386a06204703c0b9d12dbd71	0	0	0	0	0	0	0	0	0	0	0	0	0	0	0	0	0	0	0	0	0	0	0	0	0	0	0	0	0	0	270	50	47	0	1171	740	130	0	58	88	15	100	0	0	0	0	0	0	0
0c98f1ec78d51bf8d5d04f3590d673e9	0	0	0	0	0	0	0	0	0	0	0	0	0	0	0	0	0	0	0	0	0	0	0	0	0	0	0	0	0	0	0	0	0	0	0	0	0	0	0	0	0	0	0	0	0	0	0	0	12
0cf545c6b6ec03c1c9b5b78efc9e248e	0	0	0	0	0	0	0	0	0	0	0	0	0	0	0	0	0	77	0	0	0	0	0	0	0	0	0	0	0	0	0	0	0	0	0	0	0	0	0	0	0	0	0	0	0	0	0	0	0
0d64b13f3f45a49980306fedfd13c311	0	0	0	0	0	0	0	0	0	0	0	0	0	0	0	0	0	0	0	0	0	0	0	0	0	0	165	0	0	0	0	0	0	0	0	0	0	0	0	0	0	0	0	0	0	0	0	0	0
0d6e610cd1019f50d693803e46db364f	0	0	0	0	0	0	0	0	0	0	0	0	0	0	0	0	0	0	0	0	0	0	0	0	0	0	0	0	0	0	0	0	0	0	0	0	0	0	0	0	0	0	57	0	0	0	0	0	0
0dc4976a75f5949215d7cf1f1a2994f6	0	0	0	0	0	0	0	0	0	0	0	0	0	0	0	0	0	0	0	0	0	0	0	0	0	0	0	0	0	0	0	28	0	0	0	0	0	0	0	0	0	0	0	0	0	0	0	0	0
0df37a1b74088f0e7410a1b78cada881	0	0	0	0	0	0	0	0	0	0	175	0	0	0	0	0	0	0	0	0	0	0	0	0	0	0	0	0	0	0	0	0	0	0	10	0	0	0	0	0	0	0	0	0	0	0	0	0	0
0e3aec812235602fac414c57ef969f1e	0	0	0	0	0	0	0	0	0	0	0	0	0	0	0	0	0	0	0	0	0	0	0	0	0	0	0	0	0	0	0	0	0	0	0	0	0	0	0	0	1	23	0	0	0	0	0	0	8
0eaea278f2647c4ed9d6e4ca4128be0f	0	0	0	0	0	0	0	0	0	0	0	0	0	0	0	0	0	0	0	0	0	0	0	0	0	57	0	0	34	0	0	0	0	0	0	0	0	0	0	0	11	0	0	0	0	0	0	0	0
0f011be680aec3ee4b12b1b139902251	0	0	0	0	0	172	0	0	0	0	0	0	0	0	0	0	0	0	0	0	0	0	0	0	0	0	0	0	0	0	0	0	0	0	0	0	0	0	0	0	0	0	0	0	0	0	0	0	0
0f5def847a6576d24603fdb183035aca	0	0	0	0	0	0	0	101	0	0	0	0	0	0	0	0	0	0	0	0	0	0	0	0	0	0	0	0	0	0	0	0	0	0	0	0	0	0	0	0	0	0	0	0	0	0	0	0	0
0fa8b159d08500e6377c612a0a8d493b	0	0	0	0	0	0	0	0	0	0	76	0	0	0	0	0	0	0	0	0	0	0	0	0	0	0	0	0	0	0	0	0	5	0	0	0	0	0	0	0	6	21	0	0	0	0	0	0	0
100ee756d1530672a0da2121874db9ea	0	0	0	0	0	0	0	0	0	0	0	0	0	0	0	0	0	0	0	0	0	4	0	0	0	0	0	0	0	0	0	0	0	0	0	0	0	0	0	0	0	0	0	0	0	0	0	0	0
10e87865db5802df5cb04e24fdc46188	0	0	0	0	0	0	0	0	0	0	0	0	0	0	0	0	0	0	0	0	0	0	0	0	0	0	0	0	14	0	0	0	0	0	0	0	0	0	0	0	0	0	0	0	0	0	0	0	0
10ff9695e72ed5a3fbcbf1f1744b9f18	0	0	0	0	0	0	0	0	0	0	0	0	0	0	0	0	0	0	0	0	0	0	0	0	0	0	0	0	0	0	0	0	0	0	0	0	0	0	0	0	0	0	40	0	0	0	0	0	0
1186c621e048e637a49024762b3750e7	6011	47	198	16	1	826	734	516	127	76	725	710	602	677	523	1600	2496	0	308	33	233	5	1241	93	538	913	1758	849	699	475	2231	1617	5631	300	5528	2260	1360	0	80	222	650	4753	6140	352	746	64	109	48	37
118de0da9053ad27ad0e3c1e136454d9	0	0	0	0	0	0	0	0	0	0	0	0	0	0	0	0	0	0	0	0	0	0	0	0	0	0	0	0	0	0	60	0	0	0	0	0	0	0	0	0	0	0	0	0	0	0	0	0	0
1224eaaa1d17b7ffdc3adca2900ed76a	0	0	0	0	0	0	0	0	0	0	86	0	0	0	0	0	0	0	0	0	0	0	0	0	0	0	0	0	0	0	0	0	0	0	0	0	0	0	0	0	0	0	0	0	0	0	0	0	0
12ec47a024145ea53abe2244343a8a18	153	0	0	0	0	65	0	0	0	0	0	489	0	0	0	0	0	0	0	0	3	0	0	0	0	0	98	0	0	0	0	0	57	0	0	0	0	0	0	0	7	50	0	0	0	0	0	0	0
13660e0e7a2cb7b18c0001f92694f4d1	0	0	0	0	0	0	0	0	0	0	0	0	0	0	0	0	0	0	0	0	0	0	0	0	57	0	0	0	0	0	0	0	0	0	0	0	0	0	0	0	0	0	0	0	0	0	0	0	0
13cec61ef0f7ef3178938045cbda63f3	0	0	0	0	0	0	0	0	0	0	0	0	0	0	0	0	0	0	0	0	0	0	0	0	117	13	0	0	0	0	0	0	0	0	0	0	0	0	0	0	0	0	0	0	0	15	0	0	0
145ef5df9b090630355c8b38a43337f4	0	0	0	0	0	0	0	0	0	0	0	0	0	0	0	0	0	0	0	0	0	0	0	0	0	0	0	0	0	0	0	0	0	0	0	0	0	0	0	0	0	0	43	0	0	0	0	0	0
148aa3594130e12c353383f68bfa0b6a	0	0	0	0	0	0	0	0	0	0	0	0	0	0	0	0	136	0	0	0	0	0	0	0	0	0	0	0	0	0	0	0	0	0	0	0	0	0	0	0	0	0	0	0	0	0	0	0	0
14bd3bb11b9a6c641ad60556bf6141d0	0	0	0	0	0	0	0	0	0	0	0	0	0	0	0	0	0	0	0	0	0	0	0	0	0	0	0	0	0	0	0	0	0	0	0	0	0	0	0	0	0	0	70	0	0	0	0	0	0
1533469db84e906a7d07208d202f0b61	0	0	0	0	0	0	0	0	0	0	0	0	0	0	0	0	0	0	0	112	0	0	0	0	0	0	0	0	0	0	0	0	0	0	0	0	0	0	0	0	0	0	0	0	0	0	0	0	0
1535a44c66f8850e6d30284f8ddeb38d	0	0	0	0	0	0	0	0	0	0	0	0	0	0	0	18	0	0	0	0	0	0	0	0	0	0	0	0	0	0	0	0	49	0	0	53	0	0	0	0	0	34	63	0	0	0	0	0	0
16751851c44ffa168c7b8fc9c23d9bf9	0	0	0	0	0	0	0	0	0	0	0	0	0	0	0	196	0	0	0	0	0	0	0	0	0	0	0	0	0	0	0	0	0	0	0	0	0	0	0	0	0	0	0	0	0	0	0	0	0
16ac551ec392e8a8743c1bccef119705	0	0	0	0	0	0	0	0	0	0	0	0	0	0	0	0	0	0	0	0	0	0	0	0	0	0	0	0	0	0	0	0	0	0	0	0	0	193	0	0	0	0	0	0	0	0	0	0	0
16d55edf1062cb60bf8a36a1da3212b5	0	0	0	0	0	0	0	0	0	0	0	0	0	0	0	0	0	0	0	0	0	0	0	0	0	0	0	0	0	0	0	0	19	0	0	0	0	0	0	0	9	23	0	0	0	0	0	0	0
17da17f43a065430bbeb5ff634993969	0	0	0	0	0	0	0	0	0	0	0	29	0	0	0	0	0	0	0	0	0	0	0	0	0	21	0	0	0	0	0	0	0	0	0	0	0	0	0	0	4	0	66	0	0	0	0	0	0
191ed810bb884ed43fa1919f6da3d82a	136	0	0	0	0	0	0	0	0	0	0	0	0	0	0	0	0	0	0	0	0	0	0	0	0	0	0	0	0	0	0	0	0	0	0	0	0	0	0	0	0	0	0	0	0	0	0	0	0
1954f3ab8bab85508db0116a22775c03	0	0	0	0	0	0	0	0	0	0	0	0	0	0	0	0	0	0	0	0	0	0	0	0	53	0	0	0	0	0	0	0	0	0	0	0	0	0	0	0	0	0	0	0	0	0	0	0	0
1a9a786e8451eec71300762a5398f4d0	0	0	0	0	0	0	0	0	0	0	0	0	0	0	0	0	0	0	0	0	0	0	0	0	0	0	0	0	0	0	0	0	0	0	0	0	0	0	0	0	0	0	32	0	0	0	0	0	0
1b3e775bcfba124747bdf5e2c611ddc2	0	0	0	0	0	0	0	0	0	0	0	0	0	0	0	0	0	0	0	0	0	0	0	0	0	0	0	0	0	0	0	0	0	50	0	0	0	0	0	0	0	0	0	0	0	0	0	0	0
1b650324aafac0e6e6f0c473eccff258	0	0	0	0	1	0	0	30	0	0	157	249	0	0	0	364	0	0	0	0	0	0	0	0	0	0	0	0	0	0	0	28	25	0	0	39	50	0	0	71	0	18	22	0	0	0	0	18	0
1b7bef208071964dff913b3e58cc6deb	0	0	0	0	0	0	0	0	0	0	0	35	0	0	0	0	0	0	0	0	0	0	0	0	0	0	0	0	0	0	0	0	0	0	0	0	0	0	0	0	0	0	0	0	0	0	0	0	0
1be2860881962b4dd3a0a7c6db14ca80	0	0	0	0	0	0	0	0	0	0	0	0	0	0	0	0	0	0	0	0	0	0	0	0	0	65	0	0	0	0	0	0	0	0	0	0	0	0	0	0	0	0	0	0	0	0	0	0	0
1c200425d6b46c6c564338c024264e75	0	0	0	0	0	0	0	0	0	0	0	0	0	0	0	0	0	0	95	0	0	0	0	0	0	0	0	0	0	0	0	0	0	0	0	0	0	0	0	0	0	0	0	0	0	0	0	0	0
1c99e18c6d496da65a7f21faa2c1b486	161	0	0	0	0	0	0	0	21	0	0	0	0	0	0	136	0	0	0	0	0	0	0	0	52	40	0	0	0	0	0	19	230	0	7	0	0	0	0	0	12	144	241	0	0	0	0	0	0
1dd0f1ca2adf649d8cba813ea6e43de2	0	0	0	0	0	0	0	0	0	0	0	0	0	0	0	0	0	0	0	0	0	0	0	0	0	0	0	0	0	0	0	0	0	0	0	0	59	0	0	0	0	0	0	0	0	0	0	0	0
1f73af8d0f7f00f65f39925298b0da2f	0	0	0	0	0	0	0	0	0	0	0	0	0	0	0	0	0	0	59	0	0	0	0	0	0	0	0	0	0	0	0	0	0	0	0	0	0	0	0	0	0	0	0	0	0	0	0	0	0
200b000d551589296a017c031f064c13	0	0	0	0	0	0	0	0	0	0	0	0	0	0	0	0	0	0	20	30	0	0	0	0	602	96	2670	2080	228	175	167	81	10	0	541	997	2032	443	2	583	24	3	352	0	0	0	0	0	0
20a9b66022e64e1ed2b8c4527d0ff2ac	491	0	0	0	0	550	179	67	0	0	1552	6629	373	176	1987	520	1036	0	12	0	117	0	385	15	180	0	47	0	92	46	159	53	1361	796	32	0	69	0	0	0	63	568	861	743	1522	252	0	0	16
2189f9a099b79dab2efd60e8310a84ee	0	0	0	0	0	0	0	0	0	0	0	0	0	140	0	0	0	0	0	0	0	0	0	0	0	0	0	0	0	0	0	0	0	0	0	0	0	0	0	0	0	0	0	0	0	0	0	0	0
21b661de8b7be65103fa68748f6a79ba	0	0	0	0	0	0	0	0	0	0	0	0	0	0	0	557	0	0	0	0	0	0	0	0	0	0	0	0	0	0	0	0	0	0	0	0	0	0	0	0	0	0	0	0	0	0	0	0	0
2259a7bc5c7d95cb820b6a3fe68b0e08	0	0	0	0	0	0	0	0	0	0	0	0	0	0	0	0	0	0	0	9	0	0	0	0	2566	0	0	0	0	0	0	56	9	0	67	0	0	0	0	0	0	5	0	0	0	0	0	0	12
2338297f611e606a0c253b8d47d857e1	0	0	0	0	0	0	0	0	0	0	0	0	0	0	0	0	0	0	0	0	0	0	0	0	0	0	0	0	0	0	0	0	0	0	0	0	0	0	0	0	0	10	0	0	0	0	0	0	0
233903b031f5249d1d5bcc40c350c628	291	0	0	0	0	0	0	0	0	0	0	0	0	78	0	0	0	786	303	324	502	515	0	523	0	0	0	89	58	0	0	30	154	0	0	0	16	2761	468	2143	50	116	773	0	0	0	0	0	0
23e1fc88b516ae40e4b4cff8a1dd1ab1	0	0	0	0	0	0	236	0	0	0	0	0	0	0	0	0	0	0	0	0	0	0	0	0	0	0	0	0	0	0	0	0	0	0	0	0	0	0	0	0	0	0	0	0	0	0	0	0	0
243cc9259a8d104346a5dd517ca99499	0	0	0	0	0	0	0	0	0	0	92	0	0	0	0	0	0	0	0	0	0	0	0	0	0	0	0	0	0	0	0	0	0	0	0	0	0	0	0	0	0	0	0	0	0	0	0	0	0
25eb528b280c4f5ac2065fc00dbc922a	0	0	0	0	0	0	0	0	0	0	0	0	0	0	0	0	0	0	0	0	0	0	0	0	0	0	0	0	0	0	0	0	0	56	0	0	0	0	0	0	0	0	0	73	0	0	0	0	0
25ec528c69a6a3a1bd535abb3a68e622	0	0	0	0	0	0	0	0	0	0	0	0	0	0	0	0	0	0	0	0	53	0	0	0	0	15	0	0	27	85	0	20	0	7	0	0	0	0	0	0	0	0	0	0	0	28	0	0	0
26a933bf07de2306f33cc95ec94e4b2f	0	0	0	0	0	0	0	0	0	0	0	0	0	0	0	0	0	0	0	0	66	0	0	0	0	0	0	0	0	0	0	0	0	0	0	0	0	0	0	0	0	0	0	0	0	0	0	0	0
270d7b787469ce76302031f56074d58d	0	0	0	0	0	0	0	0	0	0	0	0	0	0	0	168	0	0	0	0	0	0	0	0	0	0	0	0	0	0	0	0	0	0	0	0	0	0	0	0	0	0	0	0	0	0	0	0	0
279fde05b5aed4bfe15ab39776ff82ba	0	0	0	0	0	0	0	0	0	0	0	0	0	0	0	0	0	0	0	81	0	0	0	0	0	0	0	0	0	0	0	0	0	0	0	0	0	0	0	0	0	0	0	0	0	0	0	0	0
28d4163ff6874d803489174d92fc3760	0	0	0	4	0	0	27	0	0	0	0	0	0	0	0	0	0	0	0	0	0	0	0	0	0	0	0	0	0	0	0	0	0	0	0	0	0	0	0	0	0	0	0	0	0	0	0	38	4
28e394867578f85b7855d2f9e4df951b	196	18	1	0	1	34	29	0	40	0	79	0	85	391	0	1176	249	401	427	728	273	107	1	626	2143	375	1063	656	82	352	4556	875	356	0	266	208	103	0	0	0	42	273	209	1	0	0	4	0	0
29ae99676d91135240ab43f0184c5909	0	0	0	0	0	0	0	0	0	0	0	0	0	0	0	0	0	0	0	0	0	0	0	0	0	0	0	0	0	0	0	0	0	0	0	0	0	0	0	0	0	6	0	0	0	0	0	0	0
29d8e064f48ae7211c9fba32872b36f9	0	0	0	0	0	0	0	0	0	0	0	0	0	0	0	0	0	0	0	0	0	0	0	0	0	0	0	0	0	0	0	0	0	0	0	0	0	0	0	0	0	0	68	0	0	0	0	0	0
29df87a23b45339e281dc7b390d16860	60	0	0	0	0	0	0	0	0	0	0	0	0	0	0	0	0	0	0	0	0	0	0	0	0	0	0	0	0	0	0	0	0	0	0	0	0	0	0	0	0	0	0	0	0	0	0	0	0
2a52f7d018e355b8ac6752d8dfb7eee6	180	25	71	0	0	0	289	93	34	545	366	0	0	20	267	0	324	4	77	19	76	27	33	0	32	183	0	1092	70	221	691	70	205	0	125	48	359	0	66	37	13	126	17	0	0	0	158	100	7
2a8ed8a77a8c3dc0440ee4d16af81c9b	218	0	0	0	0	0	0	0	0	0	0	0	0	0	0	0	0	0	0	0	0	0	0	0	0	0	0	0	0	0	0	0	0	0	0	0	0	0	0	0	0	0	0	0	0	0	0	0	0
2c9521bc9659f75133d08270bc0050e0	0	0	0	0	0	0	0	0	0	0	0	0	0	0	0	0	0	0	0	0	0	0	0	0	0	0	0	0	0	0	0	0	12	0	0	0	0	0	0	0	0	0	0	0	0	0	0	0	0
2d0506c060ee125f6608b52f22e598b1	0	0	0	0	0	0	0	0	0	0	0	0	0	0	0	0	0	0	0	0	0	0	0	0	0	0	0	0	0	0	0	0	0	0	0	0	0	0	0	0	0	8	0	0	0	0	0	0	0
2def03f6d87f27f9f996fea635258b79	0	0	0	0	0	0	0	0	0	0	0	0	0	0	0	0	0	31	0	81	55	2	0	5	0	0	0	0	0	0	0	0	0	0	0	0	0	0	0	0	0	0	0	0	0	0	0	0	0
2e345df926251f4fd5bb267e673e38d6	0	0	0	0	0	0	0	0	0	0	0	0	0	0	143	0	0	0	0	0	0	0	0	0	0	0	0	0	0	0	0	0	0	0	0	0	0	0	0	0	0	0	0	0	0	0	0	0	0
305f4bed1bba951880cfabd38b76148c	0	0	0	0	0	0	0	0	0	0	0	0	0	0	0	0	203	0	0	0	0	0	0	0	0	0	0	0	0	0	0	0	0	0	0	0	0	0	0	0	0	0	0	0	0	0	0	0	0
307c55294ffe3b8aa46fce358d55590e	0	0	0	0	0	0	0	0	0	0	0	709	0	0	0	0	0	0	0	0	0	0	0	0	0	0	0	255	9	0	0	0	125	13	17	80	50	0	0	0	9	112	101	0	0	0	0	0	0
308bb50819e2748bf8af026d2cc3c458	0	0	0	0	0	0	0	56	0	0	0	0	0	0	0	0	0	0	0	0	0	0	0	0	0	0	0	0	0	0	0	0	0	0	0	0	0	0	0	0	0	0	0	0	0	0	0	0	0
30a623f128fb722f5fc16dbb86582d53	0	0	0	0	0	0	32	0	0	0	0	0	0	0	0	0	19	0	0	0	0	0	0	0	0	0	0	0	0	0	21	0	51	0	0	0	0	0	0	0	0	79	0	0	0	0	0	0	0
30bf2d2baf110c0d8539178072d8e9f8	0	0	20	6	0	0	0	0	0	0	0	0	0	0	0	0	0	0	0	0	0	0	0	0	0	0	0	0	0	0	0	0	0	0	0	0	0	0	0	0	0	0	0	0	0	0	0	0	0
31499b84419e0025e12fab052dfbe3f1	149	0	0	0	0	0	0	0	0	0	0	0	0	0	0	0	0	0	0	0	0	0	0	0	0	0	0	0	0	0	0	0	0	0	0	0	0	0	0	0	0	0	0	0	0	0	0	0	0
315d581f4713557627422264e7726cbb	0	0	0	0	0	0	0	0	0	0	0	0	0	0	0	0	0	0	0	0	0	0	0	0	0	0	0	0	0	0	0	0	0	0	0	7	0	0	0	0	0	0	0	0	0	0	0	0	0
317ec410c538f6e78264b1d80c8285f6	0	0	0	0	0	0	0	0	0	0	158	0	0	0	0	0	0	0	0	0	0	0	0	0	0	0	0	0	0	0	0	0	0	0	0	0	0	0	0	0	0	0	0	0	0	0	0	0	0
3263823015a44ae565e2a900fd06ab34	0	0	0	0	0	301	0	0	0	0	0	0	0	0	0	0	0	0	0	0	0	64	0	0	0	0	0	0	0	0	0	0	0	0	0	0	0	145	0	0	0	0	0	0	0	0	0	0	0
328c47e95c8b6a4e6e3c7a3700045d71	0	0	0	3	0	0	0	0	0	0	0	215	0	0	0	80	0	0	0	0	0	0	0	0	0	0	0	0	0	0	0	0	31	0	0	29	8	58	0	0	4	18	0	0	0	0	9	0	0
34435926896d57cc3ac64972197b41f2	0	0	0	0	0	0	0	0	0	0	0	0	0	0	0	0	0	0	0	0	0	0	0	0	0	0	0	75	0	0	0	0	0	0	0	0	0	0	0	0	0	0	0	0	0	0	0	0	0
34a0e7fb9fb8ee69293667a347422a20	0	0	0	0	0	0	0	0	0	0	0	0	0	0	0	0	0	0	0	0	0	0	0	0	0	0	0	0	0	0	0	0	0	0	0	0	0	0	0	0	0	0	60	0	0	0	0	0	0
35a8484c22fbf1df676003af6ec52a29	0	0	0	0	0	0	0	0	0	0	0	0	0	0	0	0	0	0	0	0	0	0	0	0	0	0	0	0	32	0	0	0	0	0	0	0	0	0	0	0	0	0	0	0	0	0	0	0	0
35eb4528ffa80d6d0cb6372af9ac774c	64	0	0	0	0	0	0	0	0	0	0	0	0	0	0	0	0	0	0	0	0	0	0	0	0	0	0	0	0	0	0	0	0	0	0	0	0	0	0	0	0	0	0	0	0	0	0	0	0
37385730fa6b326d2bf80006bf14f0fd	0	0	0	0	0	0	0	0	0	0	0	0	29	0	0	0	0	0	0	0	0	0	0	0	0	0	0	0	0	0	0	0	0	0	0	0	0	0	0	0	0	0	0	0	0	0	0	0	0
38e4381a618398d035b19d8c47e8bfa3	0	0	0	0	0	0	0	0	0	0	0	0	0	0	0	0	0	0	0	0	37	0	0	0	0	0	0	0	0	0	0	0	0	0	0	0	0	0	0	0	0	0	0	0	0	0	0	0	0
3956f5a5105c1b073bb4dfbaa8d26f5c	0	0	0	0	0	0	0	0	0	0	0	0	0	0	0	0	0	0	0	0	0	0	0	0	0	0	0	0	0	0	0	0	13	0	0	0	0	0	0	0	0	0	0	0	0	0	0	0	0
39c09623e77e6cb1f69a264089e6256c	0	0	0	5	0	0	0	0	0	0	0	0	0	0	0	0	0	0	0	0	0	0	0	0	0	0	0	0	0	0	0	0	0	0	0	0	0	0	0	0	0	0	0	0	0	0	0	0	0
39de91629c6b453d2baa487a9cbe4d2e	0	0	0	0	0	0	0	0	0	0	0	0	0	0	0	0	0	0	0	0	0	0	0	0	0	0	0	82	0	0	0	0	0	0	0	0	0	0	0	0	0	4	0	0	0	0	0	0	0
3b578403acdc73dd077d282c96f9541f	0	0	0	0	0	0	0	0	0	0	0	0	0	0	0	0	0	0	0	0	0	0	0	0	0	0	0	0	0	0	0	0	0	0	7	0	4	0	0	0	0	5	0	0	0	0	0	0	0
3c331e56c46b9da91b6b1567ea04960e	312	0	0	0	0	0	0	0	0	0	0	0	0	0	0	0	0	0	0	56	0	106	0	0	0	0	0	0	0	0	134	0	42	0	0	0	0	0	0	0	0	53	144	0	0	0	0	0	0
3c506a1e3e37182931687be18414a6a3	1	24	0	0	0	0	0	0	0	0	0	0	0	0	0	0	0	0	5	0	0	0	0	0	29	0	174	0	15	0	0	0	19	0	65	0	407	0	1	422	151	51	17	96	193	0	25	20	0
3caae93eaa8222d3c3c82880d1ea3d6b	204	0	0	0	0	330	52	0	45	1263	959	0	93	4596	2253	821	514	0	0	0	113	0	0	81	401	32	0	0	15	0	46	0	179	0	33	0	0	0	0	70	24	114	196	0	0	0	0	0	0
3d31352a264c791e0b7998150b37350a	0	0	0	0	0	0	0	0	0	0	0	49	0	0	0	0	0	0	0	0	0	0	0	0	0	0	0	0	0	0	101	0	4	0	0	0	0	0	0	0	4	1	0	0	0	0	0	0	1
3e9d64c934b1646de83a3570dfd377db	0	0	0	0	0	42	0	0	0	0	0	0	0	0	0	0	0	0	0	0	0	0	0	0	0	0	0	0	0	0	0	0	0	0	0	0	0	0	0	0	0	0	0	0	0	0	0	0	0
3eec774eb417710716b3fd10292e20ea	0	0	0	0	0	0	0	0	0	0	0	0	0	0	0	0	0	0	0	0	0	0	0	0	0	0	0	0	0	0	48	0	0	0	0	0	0	0	0	0	0	0	0	0	0	0	0	0	0
3fb9eb59977ebff8b87fe0ec6b8040aa	0	0	0	0	0	0	0	0	0	0	0	0	0	0	0	322	0	0	0	0	0	0	0	0	0	0	0	0	0	0	0	0	0	0	0	0	0	0	0	0	0	0	0	0	0	0	0	0	0
4045aef3b7028513857d3b751e5231e6	139	0	0	0	0	0	0	0	0	0	0	0	0	0	0	0	0	0	0	0	0	0	0	0	0	0	0	0	0	0	0	0	0	0	0	0	0	0	0	0	0	0	0	0	0	0	0	0	0
407f08a29007a8a153222d82ef47d408	0	0	25	0	0	0	0	164	0	0	0	0	0	0	0	0	0	0	0	65	0	45	0	14	0	0	0	236	0	0	0	0	0	0	0	75	0	0	123	0	0	0	0	178	147	0	0	0	0
41714252fc55bbced79f657eb2b8805a	0	0	0	0	0	0	0	0	0	0	0	0	0	0	0	0	0	0	0	0	0	0	0	0	0	0	0	0	0	0	0	0	0	0	0	0	0	0	0	0	0	0	0	0	0	0	5	11	0
418749d4b591b1b25dac38bf31e3d9fd	0	0	0	0	0	0	0	0	0	0	0	0	0	0	0	0	0	0	0	0	0	0	0	0	0	0	178	0	0	0	0	0	0	0	0	0	0	0	0	0	0	0	0	0	0	0	0	0	0
432b8c4cb756bc5a7cfc90f6c11e7402	0	0	0	0	0	0	0	0	0	0	0	0	0	0	0	0	0	59	0	0	50	0	0	0	0	0	0	0	0	0	0	16	43	0	29	0	0	0	0	0	0	17	0	0	0	0	0	0	0
4450a6fa10b56881617cff33c5585aa8	0	0	0	0	0	0	0	0	0	0	0	0	0	0	0	0	0	0	0	0	0	0	0	0	0	0	0	0	0	0	93	0	0	0	0	0	0	0	0	0	0	0	0	0	0	0	0	0	0
4547ef287eb0d8ef64f1fae46e17b8f6	0	0	0	0	0	0	0	0	0	0	0	0	0	0	0	0	0	0	0	0	26	0	0	0	0	0	0	0	0	0	0	1	2	0	9	0	0	0	0	0	1	9	0	0	0	0	0	0	0
46db97c5565c94eb6c74f3e91483addd	0	0	0	0	0	0	0	0	0	0	0	0	0	0	0	0	0	0	0	0	0	0	0	0	0	0	0	0	0	0	0	0	7	0	0	0	0	0	0	0	0	26	26	0	0	0	0	0	0
47841fd6b7deeb3c702b10412b2e0921	0	0	0	0	0	0	0	51	0	83	0	21	0	0	0	0	0	0	0	0	0	122	27	0	0	73	0	0	22	0	0	82	9	0	0	0	347	0	36	0	11	9	0	103	0	60	0	28	28
47875f1bbd8b4a3575236363d0c48a19	0	0	0	0	0	0	0	0	0	0	0	0	0	0	508	0	0	0	0	0	0	0	0	0	0	0	0	0	0	0	0	0	0	0	0	0	0	0	0	0	0	0	0	0	0	0	0	0	0
48455f654a745c9e2ba24c2f5f267b8f	127	0	0	0	0	0	0	0	0	0	0	0	0	0	0	0	0	0	0	0	0	0	0	0	0	0	0	0	0	0	0	0	0	0	0	0	0	0	0	0	0	0	0	0	0	0	0	0	0
4a5d3d90445cc0e095b7d7c5357e71e4	1126	0	0	0	0	121	30	0	0	0	135	0	65	48	0	0	258	0	0	0	33	0	0	20	79	211	370	113	74	48	418	544	827	0	208	875	491	532	821	1084	561	1416	1393	0	0	0	0	0	0
4b79490043f4e7af073542f8a2986a55	0	0	0	0	0	0	0	0	0	0	0	0	0	0	0	0	0	0	0	0	0	0	0	0	0	0	0	0	30	0	0	0	0	0	0	0	0	0	0	0	0	0	0	0	0	0	0	0	0
4c451c35f94e737edb8816211106c35d	0	0	0	0	0	0	0	0	0	0	0	0	0	0	0	0	0	0	0	0	0	0	0	0	0	0	0	0	0	0	0	0	0	67	0	0	0	0	0	0	0	0	0	0	0	0	0	0	0
4c5905c5ab539613d9c3069d0ae54188	58	7	0	0	0	0	0	0	0	0	0	0	0	0	0	0	0	0	0	0	0	0	23	0	0	0	0	0	0	4	0	0	14	0	0	0	78	210	0	0	8	16	0	0	0	19	0	0	0
4db280926cca07cc86b0e098513d9cc0	0	0	0	0	0	0	0	0	0	0	0	0	0	0	0	0	0	0	0	0	0	0	0	0	0	0	0	0	0	0	0	0	0	0	0	0	0	0	0	0	0	0	0	78	0	0	0	0	0
4f02a2feb56172509da29f8985949238	0	0	0	0	0	119	0	0	0	0	0	0	0	0	0	0	0	0	0	0	0	0	202	0	0	0	0	0	0	0	0	0	0	231	0	0	0	0	0	0	0	0	0	0	0	0	0	12	11
4ff4e781757ee1039904349cdc605926	334	48	0	0	0	146	42	14	15	0	0	56	227	22	0	0	289	377	105	8	36	32	0	13	251	251	259	99	149	22	79	11	843	91	63	38	15	0	0	0	94	620	788	0	188	198	12	18	0
50bddde558bebcd7fa8dbf6542ea44fe	0	0	0	0	0	0	0	0	0	0	0	0	58	0	0	0	0	0	0	0	0	0	0	0	0	0	0	0	0	0	0	0	0	0	0	0	0	0	0	0	0	0	0	0	0	0	0	0	0
5106d82ce8cef20c3be75529d50bfb6e	0	0	0	0	0	0	0	0	0	0	0	0	0	0	0	0	0	0	0	0	0	0	0	0	0	0	0	0	0	0	0	0	0	0	0	0	0	0	0	0	0	0	25	0	0	0	0	0	0
51750770e8d4b19707173bdbb754b4a7	100	0	0	0	0	0	0	0	0	0	0	0	0	0	0	0	0	0	0	0	0	0	0	0	0	0	0	0	0	0	0	0	0	0	0	0	0	0	0	0	0	0	0	0	0	0	0	0	0
528572867f9005e7be7ffa0d83e39c41	0	0	0	0	0	0	0	0	0	0	0	0	0	0	0	0	0	0	0	0	3	0	0	0	1	0	0	17	0	0	0	0	0	0	0	0	0	0	0	0	0	0	0	0	0	0	0	0	0
52d8a0f8f9f43992f249840c3df40831	0	0	0	0	0	113	42	0	0	7	2	19	72	31	0	463	0	0	0	0	74	0	0	0	0	0	0	0	3	0	0	0	33	0	0	0	0	0	0	0	1	32	0	0	0	0	0	0	0
5346fdde8cbc692f0a18533cf74028ab	0	0	0	0	0	0	4	0	0	0	0	0	0	0	0	0	0	0	0	0	0	0	0	0	0	0	0	0	0	0	0	11	0	0	0	0	0	0	0	0	0	0	0	0	0	0	0	0	0
53cfac0a209f1dbdaf758a75c84df7d6	0	0	0	0	0	0	0	0	0	0	0	0	0	0	0	0	0	0	0	0	0	0	0	0	0	0	0	68	0	0	0	0	0	0	0	0	0	0	0	0	0	0	0	0	0	0	0	0	0
53e1229b58400ade4f592e961cb2e78c	408	0	0	0	0	90	0	0	0	0	398	0	0	0	0	721	579	0	62	0	0	0	0	0	0	221	106	0	102	83	112	0	745	0	0	0	0	0	0	0	105	578	827	0	0	0	0	0	0
53f53ff0ca0a5c6020be92546228c06b	0	0	0	0	0	0	0	0	0	0	0	0	0	0	0	0	0	0	0	0	0	0	0	0	0	0	0	0	0	0	0	15	0	0	0	0	0	0	0	0	0	0	0	0	0	0	0	0	0
5432a6e652c21bb79c110c1179832080	0	0	0	0	0	0	0	0	0	0	0	0	0	0	0	81	0	0	0	0	0	0	0	0	0	0	0	0	0	0	0	0	0	0	0	0	0	0	0	0	0	0	0	0	0	0	0	0	0
543ae87e917382be78718dfb365f8e20	0	0	0	0	0	0	0	0	0	0	0	0	0	155	0	0	0	0	0	0	0	0	0	0	0	0	0	0	0	0	0	0	0	0	0	0	0	0	0	0	0	0	0	0	0	0	0	0	0
5458266f43ec0a318eace7c3a9f648cc	0	0	0	0	0	0	0	0	0	0	0	0	0	0	0	246	0	0	0	0	0	0	0	0	0	0	0	0	0	0	0	0	0	0	0	0	0	0	0	0	0	0	0	0	0	0	0	0	0
556b35d438a13239451cb526b77d00c2	229	0	0	0	0	0	0	0	0	0	0	0	0	0	0	0	0	0	0	0	0	0	0	0	0	0	0	0	0	0	0	0	0	0	0	0	0	0	0	0	0	0	0	0	0	0	0	0	0
558d8758ae62abe36b1507ce2094ef7c	0	0	0	0	0	0	0	0	0	0	0	0	0	128	0	0	0	0	0	0	0	0	0	0	0	0	0	0	0	0	0	0	0	0	0	0	0	0	0	0	0	0	0	0	0	0	0	0	0
57e83a29cfecdba4509d02c3e9d610a3	202	1	5	9	9	0	1	23	68	0	243	0	172	0	205	998	0	0	20	0	0	0	21	294	0	0	0	0	0	0	37	0	35	43	0	0	0	0	0	0	8	27	106	0	1	5	5	3	0
59ec8c00a4b4e2a329d4d27dff677c9c	0	0	0	0	0	63	0	0	0	0	0	0	0	0	0	0	0	0	0	0	0	0	0	0	0	0	0	0	0	0	0	0	0	0	0	0	0	0	0	0	0	0	0	0	0	0	0	0	0
5b1dbdcc719bcfd9ea209ec7d9ecd075	0	0	0	0	0	0	0	0	0	0	0	0	0	0	0	0	0	0	0	0	51	0	0	0	0	0	0	0	0	0	0	0	0	0	0	0	0	0	0	0	0	0	0	0	0	0	0	0	0
5b2278535af7a77c15966bc43d0188bd	0	0	0	0	0	0	0	0	0	0	0	0	0	0	0	0	0	0	0	0	0	0	0	0	0	0	0	0	0	0	0	0	0	0	0	0	0	0	100	0	0	0	0	0	0	0	0	0	0
5cc8cf140b434a5aba3a1dad41339918	0	0	0	0	0	0	0	0	0	0	0	0	0	0	0	0	0	0	0	0	0	0	0	0	0	62	0	0	0	0	0	0	0	0	0	0	0	0	0	0	0	0	0	0	0	0	0	0	0
5cde257b7febb75f7c9848a21bfe18cd	0	0	0	0	0	0	0	0	0	0	0	0	0	0	0	0	0	0	0	0	36	0	0	0	0	0	0	0	0	0	0	0	0	0	0	0	0	0	0	0	0	0	0	0	0	0	0	0	0
5d4b77f374dcda6b5f48e88cc2b9664b	29	0	0	0	0	0	0	0	0	0	0	0	0	0	0	0	0	0	0	0	0	0	0	0	0	0	0	0	0	0	19	0	0	0	0	0	0	0	0	0	0	6	0	0	0	0	0	0	0
5d6bb2fed75f92f01e645ffc80d17d36	0	0	0	0	0	0	0	0	0	0	0	0	0	0	0	0	0	0	0	0	31	0	0	0	0	0	0	0	0	0	0	0	0	0	0	0	0	0	0	0	0	0	0	0	0	0	0	0	0
5daa0b8399decc9caa3f0118be5a7be5	0	0	0	0	0	0	0	0	0	0	0	0	0	0	0	0	0	0	0	0	0	0	0	0	0	0	1	0	0	0	178	152	17	0	0	0	1	162	89	239	60	49	105	0	0	0	0	0	0
5e195d1ea85055f02620fe14c0cb36db	0	0	0	0	0	0	0	0	0	0	0	0	0	0	0	0	130	0	0	0	0	0	0	0	0	0	0	0	0	0	0	0	0	0	0	0	0	0	0	0	0	0	0	0	0	0	0	0	0
5e733a21f67e541f28ed4bf4fe025044	0	0	0	0	0	0	0	0	0	0	0	0	0	0	0	0	0	0	0	10	0	0	0	0	0	0	0	0	0	0	0	0	0	0	0	85	25	80	0	0	9	0	77	0	0	0	0	0	0
5ee61132890966fe369853332949b8a0	0	0	0	0	0	0	0	0	0	0	0	0	56	0	0	0	0	0	0	0	0	0	0	0	0	0	0	0	0	0	0	0	0	0	0	0	0	0	0	0	0	0	0	0	0	0	0	0	0
5fdb93bb9fb86c6d1332c023c15fd63d	0	0	0	0	0	0	0	0	0	0	0	0	0	0	0	0	0	0	0	0	0	0	0	0	0	0	0	495	0	0	0	0	0	0	0	0	0	0	0	0	0	0	0	0	0	0	0	0	0
60979aa5cf02256b9e6bf36548830e56	0	0	0	0	0	0	0	0	0	0	0	0	0	0	0	272	0	0	0	0	0	0	0	0	0	0	0	0	0	0	0	0	0	0	0	0	0	0	0	0	0	0	0	0	0	0	0	0	0
60fb36f888cbf7e4639c1bb98f0adc57	0	0	0	0	0	0	0	0	0	35	0	0	0	0	0	0	0	0	0	0	0	0	0	0	0	0	0	0	0	0	0	0	0	0	0	0	0	0	0	0	0	0	0	0	0	0	0	0	0
61432c8c6352f55f3267244221ae77ae	61	90	128	77	0	1077	231	292	180	435	1777	365	622	1351	753	2064	1156	42	149	87	219	23	334	15	21	0	63	2	9	0	658	387	151	24	187	178	204	466	25	40	32	118	113	87	397	17	335	217	141
6143aeedbb6e751a50ea6a07ada80b45	0	0	0	9	0	3071	184	142	16	203	0	102	251	119	469	0	0	0	45	30	67	8	0	33	0	0	0	0	0	0	0	1408	33	9	378	1	58	0	0	99	2	20	74	0	80	570	0	18	3
628bf6f94f772636559de08d97163551	0	0	0	0	0	0	0	0	0	0	0	0	0	0	0	0	0	0	0	0	0	0	0	0	0	0	0	0	0	35	32	0	0	0	0	0	0	0	0	0	0	15	0	0	0	0	0	0	0
62f946ed2315f071d9bb665d80547670	55	0	0	0	0	0	0	0	0	0	0	0	0	0	0	0	0	0	0	0	0	0	0	0	0	0	0	0	0	0	0	0	0	0	0	0	0	0	0	0	0	0	0	0	0	0	0	0	0
633d0b29e38e777e5df83fe0215b77e4	0	0	0	0	0	0	0	0	0	0	0	0	0	0	0	0	0	0	0	0	0	0	0	0	0	0	131	0	0	0	0	0	0	0	0	0	0	0	0	0	0	0	0	0	0	0	0	0	0
63f8a1b0f6da4939515dec604761cf13	0	0	0	0	0	0	0	0	0	0	0	0	0	0	0	0	0	0	0	0	0	0	0	0	0	382	0	0	5	0	0	0	0	0	0	0	0	0	0	0	0	0	0	0	0	0	0	0	0
65271258c96de3176cfbc25dd0db764e	0	0	0	0	0	0	21	0	0	0	0	0	0	0	0	0	0	0	0	0	0	0	0	0	0	0	0	0	0	0	0	0	0	0	0	0	0	0	0	0	0	0	0	0	0	0	0	0	0
65aff92c84e7e2ab8b29a4aaaf336fea	3	0	0	0	0	0	0	0	0	0	0	0	0	0	0	0	0	0	0	0	0	0	0	0	0	0	0	0	0	7	0	0	0	0	0	0	0	0	74	72	11352	0	1	0	0	0	0	0	0
65d6602822681edf4dad12a0493dcecd	0	0	0	0	0	205	107	237	199	0	0	116	150	0	0	0	0	0	0	0	0	30	0	0	0	0	0	0	0	0	0	0	0	105	0	0	0	0	0	0	0	14	0	131	520	379	0	105	84
66042663fc706339aaada0134114fe1a	0	0	0	0	0	0	0	0	0	0	0	0	0	0	0	0	0	0	58	0	0	0	0	0	0	0	0	0	0	0	0	0	0	0	0	0	0	0	0	0	0	0	0	0	0	0	0	0	0
66ce172600ad7ff5f35d5dfc0bab87d3	0	0	0	0	0	0	0	0	0	0	0	0	0	0	0	0	0	0	0	0	0	0	0	0	0	0	0	0	0	22	0	0	0	0	0	0	0	0	0	0	0	0	0	0	0	0	0	0	0
680475954df3011ebba1033f1b2f2a86	0	85	0	0	0	0	0	0	0	0	0	0	61	0	0	0	0	0	0	0	0	0	0	0	0	0	0	47	13	68	0	0	18	0	0	0	63	0	0	0	0	19	18	6	0	0	0	39	0
69ac299d9ecf9485bf58d60edab1cbcb	0	0	0	0	0	0	0	0	0	0	0	0	0	0	0	0	0	0	0	0	0	0	0	19	0	0	0	0	0	0	0	0	0	0	0	0	0	0	0	0	0	0	0	0	0	0	0	0	0
6a46448d25fa8ee592b953670bc6079e	159	0	0	0	0	0	0	0	0	0	0	0	0	0	0	0	0	0	0	0	0	0	0	0	0	0	0	0	0	0	0	0	0	0	0	0	0	0	0	0	0	0	0	0	0	0	0	0	0
6a645315dd1adea9cadee3bfef58983e	0	0	0	0	0	0	0	77	166	0	0	0	0	0	96	0	0	0	0	67	0	0	0	0	0	0	0	0	0	78	0	0	0	45	0	93	0	0	0	106	0	0	29	0	0	0	0	0	0
6a83eb23e34e01773abb7d038e38c583	0	0	0	0	0	0	0	0	0	0	0	0	0	0	0	0	0	0	0	0	0	0	0	0	0	0	100	0	0	0	0	0	0	0	0	0	0	0	0	0	0	0	0	0	0	0	0	0	0
6a9c2d5770b6e78ca3450f62d67b08fc	2766	0	8	33	0	2576	1375	146	91	223	6012	0	2622	4203	312	10450	7187	0	237	0	1606	0	165	395	1041	460	900	153	302	675	953	137	3586	0	311	0	273	0	69	60	357	2443	3364	513	214	38	125	55	0
6b646a3c2f33a0987376c650d7bffed6	0	0	0	0	0	0	0	0	0	0	0	0	0	0	0	0	0	0	0	0	0	0	0	0	0	0	0	0	0	0	114	0	0	0	0	0	0	0	0	0	0	0	0	0	0	0	0	0	0
6bb90b1d5ed28242880a59427b20d875	0	0	0	0	0	0	0	0	0	0	0	0	0	0	0	0	0	0	0	0	0	0	0	0	0	0	0	0	0	0	0	0	0	0	0	0	0	119	0	0	0	0	0	0	0	0	0	0	0
6d1668646cf923fa90217b0797de7a7d	341	0	0	0	0	0	0	0	0	0	0	0	0	0	0	0	0	0	0	0	0	0	0	0	0	0	0	0	0	0	0	0	0	0	0	0	0	0	0	0	0	0	0	0	0	0	0	0	0
6d5cc13d76fe8024b0658a0b3708a1e1	0	0	0	0	0	0	0	0	0	0	163	0	0	0	0	0	0	0	0	0	0	0	0	0	0	0	0	0	0	0	0	0	0	0	0	0	0	0	0	0	0	0	0	0	0	0	0	0	0
71e6056a57e47b60dd5761bbb7128e57	0	0	0	0	0	0	0	0	0	0	0	0	0	0	0	0	0	0	0	0	0	0	263	0	0	0	0	0	0	0	0	0	0	0	0	0	0	0	0	0	0	0	0	89	0	0	0	0	0
731abf4fa491ab03dd796729de5ab3eb	0	0	0	0	0	0	0	0	0	0	0	68	0	0	0	0	0	0	0	0	0	0	0	0	0	0	0	0	0	0	0	0	0	0	0	52	0	0	0	0	0	0	0	0	0	0	0	0	0
733ed42fe2d4651b288bd89eed201f98	68	0	0	0	0	0	0	0	0	0	0	0	0	0	0	0	0	0	0	0	0	0	0	0	0	0	0	0	0	0	0	0	0	0	0	0	0	0	0	0	0	0	0	0	0	0	0	0	0
75faeaeadeddb5b083f477013b2bfb08	0	0	0	0	0	0	0	0	0	0	130	0	0	0	0	0	0	0	0	0	0	0	0	0	0	0	0	0	0	0	0	0	0	0	0	0	0	0	0	0	0	0	0	0	0	0	0	0	0
75fedd0fa34e3ac2514601e68b613736	0	0	0	0	0	0	0	0	0	0	0	0	0	0	0	0	0	0	0	0	0	0	0	0	0	7	0	0	0	0	0	0	0	0	0	0	0	0	0	0	0	0	0	0	0	0	0	0	0
76b41522d51a793e10aaad45cdcf16c9	0	0	0	0	0	0	0	0	0	0	0	0	0	0	0	0	166	0	0	0	0	0	0	0	0	0	0	0	0	0	0	0	0	0	0	0	0	0	0	0	0	0	0	0	0	0	0	0	0
76f10f715ca6c4b6d87716609d3811ea	48	0	0	0	0	0	0	0	0	0	0	0	0	0	0	0	0	0	0	0	0	0	0	0	0	0	0	0	0	0	0	0	0	0	0	0	0	0	0	0	0	0	0	0	0	0	0	0	0
7784629e98867bebee16c26e04632027	50	0	0	0	0	0	0	0	0	0	0	515	0	0	0	164	0	0	15	0	0	0	0	0	0	0	110	0	0	0	0	0	54	0	42	40	84	0	0	0	1	64	132	0	0	0	13	0	0
78841da76577a3862408fc3bac0197dd	0	0	0	0	0	0	0	0	0	0	0	0	0	0	0	0	0	0	0	0	0	0	0	0	0	0	0	0	0	0	126	0	0	0	0	0	0	0	0	0	0	0	0	0	0	0	0	0	0
7950b1078efc076defba9c936b970ef7	0	0	0	0	0	0	0	0	0	0	0	54	0	0	0	0	0	0	0	0	0	0	0	0	0	0	0	0	0	0	0	0	0	0	0	0	0	0	0	0	0	0	0	0	0	0	0	0	0
798cab8e6a1a556a317f78cfa6bab8ac	0	0	0	0	0	0	0	0	0	0	0	0	0	0	0	0	0	0	0	0	0	0	0	0	0	0	0	0	0	0	0	0	0	0	0	0	0	0	0	0	0	0	0	0	0	0	0	20	0
7b32e75da6937d8a79a97acb9e834c5a	0	0	0	0	0	0	0	0	0	0	0	0	0	0	0	0	0	0	0	0	0	0	0	0	0	0	0	0	0	0	0	0	0	0	0	0	0	260	0	0	0	0	0	0	0	0	0	0	0
7bb4ba3c884366a50678c216efdd1656	0	0	0	0	0	0	0	387	273	0	0	0	0	0	0	0	0	0	0	0	0	0	0	21	0	0	0	392	0	0	0	0	0	0	39	0	80	0	0	277	0	0	0	158	0	260	0	0	0
7bb99841c9c9b86e238cbcddc0e16567	0	0	0	0	0	0	0	0	0	0	0	0	0	0	0	0	0	38	0	0	21	0	0	0	0	0	0	0	0	0	0	0	0	0	0	0	0	0	0	0	0	0	0	0	0	0	0	0	0
7e22fc23e27b29aea806aae62455d023	162	0	0	0	0	0	0	0	0	0	0	0	0	0	0	0	0	0	0	0	0	0	0	0	0	0	0	0	0	0	0	0	0	0	0	0	0	0	0	0	0	0	0	0	0	0	0	0	0
7ec4dbc3399f639d994fdc65a1b6810e	152	7	0	0	0	0	18	0	0	1	0	20	0	209	0	0	0	533	171	292	104	391	224	951	0	1085	223	224	235	410	1967	1731	267	0	1114	580	1309	68	316	109	23	131	387	0	20	7	0	0	0
7eef5797ad87b51600785f22606c70de	0	0	0	0	0	0	0	0	0	0	0	0	51	0	0	0	0	0	0	0	0	0	0	0	0	0	0	0	0	0	0	0	0	0	0	0	0	0	0	0	0	0	0	0	0	0	0	0	0
7f16ab98ac42af9e5f08ecdbb0050a7a	0	6	28	2	0	0	0	0	0	0	106	0	0	0	0	0	0	0	0	0	0	0	0	0	0	0	0	0	0	0	0	4	38	0	0	45	968	208	121	63	2	0	0	0	0	0	16	0	0
7f400300a06f165c23af04aa4e4c790c	0	0	0	0	0	0	0	0	0	0	0	0	0	0	0	0	0	0	0	0	0	0	0	0	0	0	0	0	0	0	0	0	6	0	0	0	0	0	0	0	0	0	0	0	0	0	0	0	0
7fd998ccd15be48518b7d1c11f4fefb4	0	0	0	0	0	0	0	0	0	0	0	0	0	0	0	0	0	0	0	0	0	0	0	0	0	0	0	0	0	0	0	0	0	0	0	0	0	0	0	0	0	0	25	0	0	0	0	0	0
7fef2f8e6a8bee56528216dfc05f0d81	0	0	0	0	0	0	0	0	0	0	0	0	0	0	0	0	0	0	0	0	0	0	0	0	0	0	0	0	0	34	0	0	0	0	0	0	0	0	0	0	0	0	0	0	0	0	0	0	0
7ff5614059eca57cf999f6bfcddcf67f	0	0	0	0	0	0	0	0	0	0	0	0	0	0	0	423	0	0	0	0	0	0	0	0	0	0	0	0	0	0	0	0	0	0	0	0	0	0	0	0	0	0	0	0	0	0	0	0	0
802b9659ea4cb15851b7f2501e77bb12	0	0	0	0	0	0	0	0	0	0	0	0	0	0	0	0	0	0	0	0	0	0	0	0	0	0	0	0	0	0	0	0	0	0	0	151	0	0	0	0	0	0	0	0	0	0	0	0	0
803a43fa7cb74bb51f36ab2949523bf2	0	0	0	0	0	0	0	0	0	0	0	0	0	0	0	0	0	0	0	0	0	0	0	0	0	0	0	0	0	14	0	0	0	0	0	0	0	0	0	0	0	0	0	0	0	0	0	0	0
80b85e59cacd34b78608c1ae7eef2c61	5299	58147	48127	60326	0	16128	12837	9848	774	1739	1965	5419	1917	4758	1916	3245	2593	5166	1981	4760	4320	5813	214	1401	1145	1428	3525	649	669	312	4129	2706	6433	10189	4158	3908	4982	2526	3431	11980	1186	5670	5927	7129	6770	4322	75798	32371	18227
80c040f8fa7ca320845742c52669d5e9	0	0	0	0	0	0	0	0	0	34	0	0	0	0	0	0	0	0	67	0	0	0	0	0	0	0	107	152	154	56	0	13	57	0	0	0	0	0	0	0	6	38	30	0	0	0	0	0	0
8103469b2716037f1cc4ce8959ae0081	0	0	0	0	0	0	0	0	0	0	0	0	0	0	0	0	0	0	0	0	0	0	0	0	0	0	0	0	0	0	0	0	0	0	0	0	0	0	0	0	0	0	70	0	0	0	0	0	0
812ed0386e2a4869a21da5634665548d	0	0	0	0	0	0	0	0	0	0	0	0	0	0	0	0	0	0	0	0	0	0	0	0	0	0	0	0	0	0	0	0	0	0	0	0	0	0	0	14	0	0	0	0	0	0	0	0	0
81c48f2c91b846df5645a1873dcb6a41	0	0	0	0	0	0	0	0	0	0	0	0	0	0	0	0	0	0	0	0	0	0	0	0	0	0	0	222	0	0	0	0	0	0	0	0	0	0	0	0	0	0	0	0	0	0	0	0	0
82adb644e8d11207dd6bb6111a87747c	0	0	0	0	0	0	0	0	0	0	0	0	0	0	0	0	233	0	0	0	0	0	0	0	0	0	0	0	0	0	0	0	0	0	0	0	0	0	0	0	0	0	0	0	0	0	0	0	0
841570d820eaab46bb7c7b3b7db8fba3	0	0	0	0	0	0	0	0	0	0	0	0	0	0	0	0	0	0	0	0	0	0	0	0	0	0	0	0	0	0	0	0	0	0	0	31	0	0	0	0	0	0	0	0	0	0	0	0	0
856a99622e9c49fc86cdcf3ddbefcfd1	0	0	0	0	0	0	0	0	0	0	0	0	0	0	0	0	37	0	0	0	0	0	0	0	0	0	0	0	0	0	0	0	0	0	0	0	0	0	0	0	0	0	0	0	0	0	0	0	0
85bd207c4b50a23e29dcb87be24e6779	0	9	0	0	0	0	0	0	0	0	0	0	0	0	0	0	0	0	0	0	0	0	0	1	0	0	0	0	0	0	0	52	0	0	0	0	0	0	0	0	0	4	0	0	0	0	0	0	0
86c340102750abe5f2a75f3d5501b55d	0	0	0	0	0	0	0	0	0	0	0	0	0	0	0	0	0	0	0	0	0	0	0	0	0	0	0	0	0	0	0	0	0	0	0	0	0	0	0	0	0	0	124	0	0	0	0	0	0
873143a37849fe27437fe73b3b4d5fae	114	0	0	0	0	0	0	0	0	0	0	0	0	0	0	0	0	0	0	0	0	0	0	0	0	0	0	0	0	0	0	0	0	0	0	0	0	0	0	0	0	0	0	0	0	0	0	0	0
87472bdf2b7134379f3736deea1403f0	0	0	0	0	0	0	0	0	0	0	0	0	0	0	0	0	0	0	0	12	0	0	0	0	0	0	39	95	0	60	0	0	0	0	0	0	0	0	0	0	0	0	0	0	0	0	0	0	0
879319f127f42872ba2daeb54fc4135a	0	0	0	0	0	0	0	0	0	0	0	0	30	0	0	0	0	0	0	0	0	0	0	0	0	0	0	0	0	0	0	3	36	0	0	0	0	0	0	0	3	22	0	0	0	0	0	0	0
87fa60ad023e3c5c9d42fcfb40c8cf61	0	0	10	0	0	0	0	0	0	0	0	0	0	0	0	0	0	0	0	0	0	0	0	0	0	0	0	0	0	0	0	0	0	0	0	0	0	0	0	0	0	0	0	0	0	0	0	10	10
88065f0fd14ae3b76fc1a87f8df6ef2d	0	0	0	0	0	0	0	0	0	0	0	0	0	0	0	0	0	0	0	0	0	0	0	0	78	0	0	0	0	0	0	0	0	0	0	0	0	0	0	0	0	0	0	0	0	0	0	0	0
8830d0cf4452e1cd0f9a6552b48b2b40	0	0	0	0	0	0	0	0	0	0	0	0	0	0	0	0	121	0	0	0	0	0	0	0	0	0	0	0	0	0	0	0	0	0	0	0	0	0	0	0	0	0	0	0	0	0	0	0	0
8961e2d14d8b0510763256de80a000a2	75	1848	2149	846	0	742	406	374	373	471	5039	2983	619	2735	18444	5918	14419	14761	12839	15884	9481	3842	6356	7518	3070	1895	2240	5401	3410	8383	1243	1129	275	472	695	538	2823	8396	4042	2432	643	290	2187	518	1379	279	1323	434	6837
8a63d772aa851473fb3224da1539870b	1	10	21	0	0	118	156	60	24	225	0	471	219	910	643	1143	0	0	0	37	0	23	683	46	1	1	106	2	30	0	41	1096	165	7473	1433	989	107	0	0	0	0	113	66	1606	506	199	22	20	14
8aedd19423befe5271ba14c333788982	106	0	0	0	0	0	0	0	0	0	0	0	0	0	0	0	0	0	0	0	0	0	0	0	0	0	0	0	0	0	0	0	0	0	0	0	0	0	0	0	0	0	0	0	0	0	0	0	0
8d3d1effd1abf08ff2562edb42d5c698	0	0	0	0	0	0	0	0	0	0	0	0	0	0	0	0	0	0	0	0	0	0	0	0	0	0	0	0	0	0	0	0	0	0	0	0	0	0	0	6	0	4	18	0	0	0	0	0	0
8dde047966dfd43b699a5ca7122e55d7	0	0	0	0	0	0	0	0	0	0	0	0	0	0	0	0	60	0	0	0	0	0	0	0	0	0	0	0	0	0	0	0	0	0	0	0	0	0	0	0	0	0	0	0	0	0	0	0	0
8e508158367d9e1ea2c16e8ec22a64dc	0	0	0	0	0	0	0	0	0	0	0	0	0	0	0	0	0	0	0	0	0	0	0	0	0	0	0	0	0	0	0	0	0	0	0	0	0	0	0	0	0	0	32	0	0	0	0	0	0
8ea2a9236bef33ba65acfc82e6947942	0	0	0	0	0	0	0	0	0	0	0	15	0	0	0	0	0	0	0	0	0	0	0	0	0	0	0	0	0	0	0	37	0	0	0	0	0	0	0	0	0	0	0	0	0	0	0	1	0
8eda94cae1befff585c94f9b67a8de7a	0	0	0	0	0	0	0	0	0	0	0	0	0	110	0	0	0	0	0	0	0	0	0	0	0	0	0	0	0	0	0	0	0	0	0	0	0	0	0	0	0	0	0	0	0	0	0	0	0
8f1a54d31ad1f3ed259219da0f9d594c	0	0	0	0	0	0	0	0	0	0	0	0	0	0	0	0	0	0	0	0	0	0	0	0	0	0	0	0	0	91	0	0	0	0	0	0	0	0	0	0	0	0	0	0	0	0	0	0	0
8f5c1347ce5b9c3ac0e8437b392806b4	0	0	0	0	0	0	0	0	0	0	0	0	0	0	0	0	0	0	0	0	0	0	0	0	104	0	0	0	0	0	0	0	0	0	0	0	0	0	0	0	0	0	0	0	0	0	0	0	0
901fc1f68af659cc3f6678c6a7396845	0	0	0	0	0	0	0	0	54	0	0	0	0	0	0	0	0	0	0	0	0	0	0	0	0	0	0	0	0	0	0	0	0	0	0	0	0	0	0	0	0	0	0	0	0	0	0	0	0
90781ed131f662c3e5517f2b027624ba	0	0	0	0	0	0	0	0	0	0	0	0	0	0	0	0	0	0	0	0	0	0	0	0	0	0	0	0	0	0	0	0	10	0	0	0	0	0	0	0	0	10	0	0	0	0	0	0	0
907d7d6fe4ea6d4bdc7997386ae2f3eb	0	0	0	0	0	0	40	0	0	0	0	0	0	0	0	0	0	0	0	0	0	0	0	0	0	0	0	0	0	0	0	0	0	0	0	0	0	0	0	0	0	0	0	0	0	0	0	0	0
912785bf396173d4c55f91a117bf79f3	0	0	3	0	0	0	0	0	0	0	0	0	0	0	0	0	0	0	0	0	27	28	0	12	58	0	0	0	30	65	0	0	4	0	8	45	21	697	24	0	3	1	72	0	0	0	15	0	0
92693323f831e69117617606814ae81f	0	0	0	0	0	0	0	0	0	0	0	0	0	0	0	0	0	0	0	0	0	0	0	0	0	0	0	0	0	0	58	0	0	0	0	0	0	0	0	0	0	0	0	0	0	0	0	0	0
93b36a6e82074114f7c4d90b6172dba2	0	0	0	0	0	0	0	0	0	0	65	0	0	0	0	0	0	0	0	0	0	0	0	0	0	0	0	0	0	0	0	0	0	0	0	0	0	0	0	0	0	0	0	0	0	0	0	0	0
94a944154183c458facbab20fe39ffa9	0	0	0	0	0	172	0	0	0	0	0	0	0	0	0	0	0	0	0	0	0	0	0	0	0	0	0	0	0	0	0	0	0	0	0	0	0	0	0	0	0	0	0	0	0	0	0	0	0
9504cf229d2abb64293fc748c424b9f4	0	0	0	0	0	0	0	0	4	0	0	0	0	0	0	0	0	0	0	0	0	0	0	0	0	0	0	0	0	0	0	0	0	0	0	0	0	0	0	0	0	0	0	0	0	0	0	0	0
956d5064b9d6c222e19d75e231925e18	0	0	0	0	0	0	0	0	0	0	0	6	0	0	0	0	0	0	0	0	0	0	0	0	0	0	0	0	0	0	0	0	0	0	0	0	0	0	0	0	0	0	0	0	0	0	0	0	0
95f961cce4e376499928398de7ffeeef	0	0	0	0	0	0	0	0	0	0	0	0	0	0	0	0	16	0	0	0	0	0	0	0	0	0	0	0	0	0	0	0	0	0	0	0	0	0	0	0	0	0	0	0	0	0	0	0	0
97444d2388851f1d71afeb95125b4898	0	20	0	0	0	0	0	0	0	0	0	0	0	0	0	0	0	0	0	0	0	0	0	0	0	0	0	0	0	0	0	0	0	0	0	0	0	0	0	0	0	0	0	0	0	0	0	0	0
975b1dbdc7405f6e27bf63893e91e0ed	0	2	2	0	1	110	30	1	0	26	0	0	0	0	0	0	0	27	84	175	36	68	0	120	1431	242	1109	2478	476	682	570	811	87	655	687	504	440	179	1	28	6	41	68	4	0	0	0	9	10
977b02be79d865979e54848db649eaf0	0	0	0	0	0	0	0	0	0	0	0	0	0	0	0	0	0	0	0	0	0	0	0	0	0	0	93	0	0	0	0	0	0	0	0	0	0	0	0	0	0	0	0	0	0	0	0	0	0
979f3ff1cd0de5cc8709bce463c39445	487	15	0	0	0	0	0	0	0	0	0	0	0	0	0	0	125	7	31	14	49	36	0	5	70	41	125	34	31	34	31	3	143	0	0	0	0	0	80	5	11	71	163	0	0	0	0	0	0
97d4b89e17101a66cdcb62d3be1ef5d0	114	15	0	2	0	0	0	0	7	0	0	0	0	0	262	0	0	0	0	0	0	0	278	24	0	39	0	0	0	0	0	0	29	0	47	0	0	0	0	0	11	37	0	0	33	0	0	0	0
9924b73b7a7a5f59a0a9860813b07a75	0	0	0	0	0	274	0	0	0	0	0	0	0	0	0	0	0	0	0	0	0	0	0	0	0	0	0	0	0	0	0	0	0	0	0	0	0	0	0	0	0	0	0	0	0	0	0	0	0
9a193f7029a33b9c5987ea89fb233370	12	0	38	0	0	0	0	0	0	0	0	1	0	0	0	0	0	1367	246	366	6880	3801	0	13599	156	47	38	0	0	3	0	0	1	0	0	0	1	111	45	0	6324	25	2974	0	45	0	0	0	0
9ac6b96a8fec0b3eef1cf71fa803eeb2	0	0	0	0	0	0	0	0	0	0	0	0	0	0	0	0	0	0	0	0	0	0	0	0	0	0	0	0	0	12	0	0	8	0	0	0	0	0	0	0	0	0	0	0	0	0	0	0	0
9b025e95fd8595c8fbad4a0fc9b6e553	0	0	0	0	0	0	0	38	0	0	0	0	0	0	0	0	0	0	0	0	0	0	0	0	0	0	0	0	0	0	0	0	0	0	0	0	0	0	0	0	0	0	0	0	0	0	0	0	0
9b1cbc97eff7dc6af2c100d85526140f	0	0	0	0	0	0	0	0	0	0	0	10	0	0	0	0	0	0	0	0	0	0	0	0	0	0	0	0	0	0	0	0	8	0	0	3	0	0	0	0	0	0	0	0	0	0	0	0	1
9bcf18c30519dd344c1745a80495d5be	0	0	0	0	0	0	0	0	0	0	0	0	0	0	0	0	0	0	0	0	0	0	0	0	0	0	0	0	0	0	0	0	0	0	0	0	82	0	0	0	3	0	0	0	0	0	0	0	0
9c8a7b893d0fdaf8c1c89606cfce1c08	0	0	0	0	0	0	0	0	0	36	0	0	0	0	0	0	0	0	0	0	0	0	0	0	0	0	0	0	27	0	0	0	0	0	0	0	0	0	0	0	0	8	22	0	0	0	0	0	0
9cd2d1e2b07d7fe29922747a79d290ee	0	0	0	0	0	0	0	0	0	0	0	0	0	0	0	0	0	0	0	0	0	0	0	0	0	0	0	0	0	0	0	0	0	277	0	0	0	0	0	0	0	0	0	0	0	0	0	0	0
9db3dc01519672b43908456a37b27b4d	0	0	0	0	0	0	0	0	0	0	0	0	0	185	0	0	0	0	0	0	0	0	0	0	0	0	0	0	0	0	0	0	0	0	0	0	0	0	0	0	0	0	0	0	0	0	0	0	0
9dc70d19a67c006232234c9bcbbab33f	68	0	0	0	0	0	0	0	0	0	0	0	0	0	0	0	0	0	0	0	0	0	0	0	0	0	0	0	0	0	0	0	0	0	0	0	0	0	0	0	0	0	0	0	0	0	0	0	0
9e218ddde05826daea9943de26124674	0	0	0	0	0	0	0	0	0	0	0	0	0	0	0	0	0	0	0	0	0	0	0	0	0	0	0	0	0	0	0	0	0	0	0	0	0	0	0	0	0	7	0	0	0	0	0	0	0
9e675ac5875629aa62e1afaedb00fbb9	0	3	0	0	0	0	0	0	0	0	0	574	0	0	0	0	0	0	0	0	0	0	0	0	0	0	77	0	7	0	0	0	36	0	0	0	0	0	0	0	3	63	4	0	0	0	0	8	0
9e985443e4cd6cdec8bd0d1d325c53d9	0	3	0	1	3	22	1	0	0	0	56	0	143	0	38	0	0	0	0	0	0	0	18	38	0	0	0	0	0	33	0	0	10	0	0	0	0	0	0	0	0	4	0	0	1	2	0	16	0
9ed3306f1d1dfb81749820128e325abc	0	0	0	0	0	0	0	0	0	0	0	0	0	48	0	0	0	0	0	0	0	0	0	0	0	0	0	0	0	0	0	0	0	0	0	0	0	0	0	0	0	0	0	0	0	0	0	0	0
9f2355fd161fec0177a83045e771a239	0	0	0	0	0	0	0	0	0	0	0	0	0	0	0	0	0	0	0	0	0	0	0	0	0	0	0	0	0	0	0	0	0	0	0	0	0	0	0	0	0	0	0	0	46	0	0	0	0
9f4285ab8775db6b862ee4fb416f0f5d	0	0	0	5	0	0	0	0	0	0	0	0	0	0	0	0	0	27	0	0	0	0	0	0	0	0	0	0	0	0	0	0	0	0	0	0	0	0	0	23	0	0	0	0	0	0	0	0	0
a03c9ac910eb4ecfb8c000676b203e5d	0	0	0	0	0	0	0	0	0	0	0	0	0	0	0	0	0	0	0	0	0	0	1205	0	0	0	0	0	0	0	0	0	0	1019	0	0	0	0	0	0	0	0	0	0	0	0	38	57	13
a1f66fcba0bd12eed7a60901bd8c6010	0	0	0	0	0	0	0	0	0	0	0	0	0	0	0	0	0	0	0	0	0	0	0	0	0	0	0	0	0	0	0	0	0	0	0	0	0	0	36	0	0	0	0	0	0	0	0	0	0
a1fb5d30d90816d888178ddb1d32c7f7	0	0	0	0	0	0	0	0	0	0	0	0	0	0	0	0	232	0	0	0	0	0	0	0	0	0	0	0	0	0	0	0	0	0	0	0	0	0	0	0	0	0	0	0	0	0	0	0	0
a2fe14681b6882dae6031c03a7a57edb	0	0	0	0	0	0	0	0	0	0	0	0	0	0	0	0	0	0	0	0	0	0	0	0	0	0	87	0	0	0	0	0	0	0	0	0	0	0	0	0	0	0	0	0	0	0	0	0	0
a4a495dca8d3677dc8e9fb34a25824f2	0	0	0	0	0	0	0	0	0	0	0	0	0	0	0	0	0	0	0	0	0	0	0	0	0	0	0	0	0	0	0	0	0	0	0	0	0	0	0	0	0	0	24	0	0	0	0	0	0
a4b405cc66f299e97dadd819df69960d	0	0	0	0	0	0	0	0	0	0	0	0	0	0	0	0	0	0	0	0	0	0	0	0	0	0	0	0	265	0	0	0	0	0	0	0	0	0	0	0	0	0	0	0	0	0	0	0	0
a4bfec56d00b2741e09bd9ec98bd80ae	0	0	0	0	0	0	0	0	0	0	0	0	0	0	0	0	0	135	177	205	3	26	0	21	0	3	325	0	0	0	103	10	0	0	0	0	0	543	179	0	6	10	55	0	0	0	0	0	0
a4d945d1dcb107235ad37de2408c5919	281	0	0	0	0	0	0	0	0	0	0	0	0	0	0	0	0	0	0	0	0	0	0	0	0	52	0	0	12	0	250	61	61	0	0	0	59	0	0	0	7	54	25	0	0	0	0	0	0
a4e47d1dff582871fda7ffc26a58df8f	127	0	0	0	0	0	0	0	0	0	0	0	0	0	0	0	10	0	0	0	0	0	0	0	0	0	168	0	0	0	0	0	0	0	0	0	0	0	0	0	0	0	0	0	0	0	0	0	0
a4e8997c6347c55b72f81e0accce0c37	0	0	0	0	0	0	0	0	0	0	0	0	0	0	0	0	0	0	0	0	0	0	0	0	0	0	0	0	0	0	0	53	0	0	0	0	0	0	0	0	0	0	0	0	0	0	0	0	0
a6bf1361741b5eda21b4d05f18f04a90	0	0	0	0	0	0	0	0	0	0	0	0	0	0	0	0	0	0	0	0	0	0	0	0	0	0	0	0	0	0	0	0	0	0	0	0	0	0	0	0	0	0	0	0	0	0	0	8	0
a6dd88019e02cfdac730a5083682d5e6	0	0	0	0	0	0	0	0	0	0	0	0	0	0	0	0	0	0	0	0	0	0	0	0	0	0	0	0	0	0	0	0	6	0	0	0	0	0	0	0	0	5	0	0	0	0	0	0	0
a8e2bd18e133a175288a5ca87a2eb2df	205	0	0	0	0	0	0	0	0	22	0	104	0	0	0	0	75	0	0	0	0	0	0	0	0	0	533	0	8	0	0	0	164	237	41	0	0	0	0	0	20	105	124	310	0	0	0	0	0
a9fb819691652b5457d9b664612cd8b4	0	0	0	0	0	0	0	0	0	0	0	0	0	0	0	0	0	0	0	0	0	0	0	24	0	0	0	0	0	0	0	0	0	0	0	0	0	0	0	0	0	0	0	0	0	0	0	0	0
ac2e1a9dfb899519fddd499ec1d43012	0	0	0	0	0	0	0	0	0	0	0	0	0	0	0	0	0	0	0	0	0	0	0	0	0	0	0	0	0	0	0	0	0	0	0	0	0	0	0	0	0	0	0	0	0	0	0	17	0
ac8633aaf70a6d48e9c36256f436f14f	0	0	0	0	0	0	0	0	0	0	0	0	0	374	0	0	0	0	0	0	0	0	0	0	0	0	0	0	0	0	0	0	0	0	0	0	0	0	0	0	0	0	0	0	0	0	0	0	0
aca1bb8ded346d0c6b61d2b5925a536c	35	0	0	0	0	0	0	0	0	0	0	0	0	0	0	0	0	0	0	0	0	0	0	0	0	0	0	0	0	0	0	0	0	0	0	0	0	0	0	0	0	0	0	0	0	0	0	0	0
ae8a530856a1728978793ac56ba9092e	0	0	0	0	0	0	0	0	0	0	0	0	0	116	0	0	0	0	0	0	0	0	0	0	0	0	0	0	0	0	0	0	0	0	0	0	0	0	0	0	0	0	0	0	0	0	0	0	0
af3a58f2cb86abc3a30f769011a6ccc2	0	0	0	0	0	0	0	0	0	0	0	622	0	0	283	0	0	0	57	0	0	0	0	0	0	52	0	163	17	0	0	0	19	32	0	19	23	0	0	95	5	60	91	0	0	0	0	8	0
b0752a7851e160c446c3e282a89e54ea	0	0	0	4	0	0	0	0	0	0	0	0	0	0	0	299	0	0	0	0	0	22	0	0	0	39	0	0	0	24	0	0	9	0	0	0	0	0	0	0	7	0	0	0	0	0	0	0	0
b22dff15a55064707815d9f1a8753d84	0	0	0	0	0	0	0	0	0	0	0	0	0	0	0	0	0	0	27	0	121	0	0	0	32	41	0	0	10	0	0	0	56	0	0	0	0	0	0	0	7	73	12	0	0	0	0	0	0
b284be2468ec043d9372ec759f59e46e	0	0	0	0	0	0	0	0	0	0	0	0	0	0	0	0	0	0	0	0	0	0	0	0	0	0	0	0	0	0	0	0	0	0	0	0	64	0	0	0	0	0	0	0	0	0	0	0	0
b29a188a6e4589bbbcc9ae9c5e5570bd	1	0	0	0	0	0	0	0	0	0	0	0	0	0	0	0	0	0	0	0	0	0	0	0	0	49	0	0	48	0	0	0	129	0	12	0	0	0	0	0	13	120	98	0	0	0	0	0	0
b3a5f2740dbcb48ea096c5c00d117f82	0	0	0	0	0	0	0	0	0	0	196	0	0	0	0	0	0	0	0	0	58	0	0	0	0	0	0	0	0	0	0	0	0	0	0	0	0	0	0	0	0	0	0	0	0	0	0	0	0
b45f5a79f080475521114b63aa9bd7d1	0	0	0	0	0	0	0	0	0	0	0	0	0	0	0	0	0	0	0	0	0	0	0	0	0	0	0	0	0	0	31	0	0	0	0	0	0	0	0	0	0	0	0	0	0	0	0	0	0
b482cfb3fb1a4b2ee313b04c480960a4	59	34	51	48	0	17	12	11	0	0	8	7	0	6	0	0	0	0	0	0	0	0	0	0	0	0	0	3	0	0	0	0	0	12	5	0	0	0	0	0	0	0	0	9	13	5	78	10	12
b4f42eade7a87f2cd8f3968640d83f97	0	0	8	0	0	0	0	0	0	0	0	171	0	60	0	0	0	319	75	133	200	72	197	54	600	38	217	390	44	90	319	104	16	0	180	115	117	918	207	259	26	35	52	0	0	0	0	0	10
b52f04914a91f2d5d3e9c5adf1fde264	0	0	0	0	0	0	0	0	0	0	0	0	0	0	0	0	0	0	0	0	0	0	117	0	0	0	0	0	0	0	0	0	0	0	0	0	0	0	0	0	0	0	0	0	0	0	0	0	0
b601aa8c7097e2da4261351f59991d47	0	0	0	0	0	0	0	0	0	0	0	0	0	0	0	0	0	0	89	37	44	10	0	0	31	0	124	564	40	201	68	0	76	0	0	0	0	0	0	0	4	49	70	0	0	0	0	0	0
b61cc19540f9627af5070110979ebf91	0	0	0	0	0	0	0	0	0	0	0	0	0	0	0	0	0	0	0	0	0	0	0	0	0	0	0	0	0	0	66	0	0	0	0	0	0	0	0	0	0	0	0	0	0	0	0	0	0
b64d25b5d732ee0c14d7074ecd21c975	0	0	0	0	0	0	0	0	0	0	0	0	0	0	0	0	0	0	0	0	0	0	0	0	0	0	0	0	0	0	54	0	0	0	0	0	0	0	0	0	0	0	0	0	0	0	0	0	0
b6d465e03e63aa427ad45bc4be0b4e81	148	0	0	0	0	0	0	0	0	0	0	0	0	0	0	0	0	0	0	0	0	0	0	0	0	0	0	0	0	0	0	0	0	0	0	0	0	0	0	0	0	0	0	0	0	0	0	0	0
b77ccfdda9f1f29ece504297394b4c47	0	0	0	0	0	0	0	0	0	0	0	0	0	0	0	0	0	0	0	0	0	0	0	0	33	0	0	0	0	0	0	0	0	0	0	0	0	0	0	0	0	0	0	0	0	0	0	0	0
b7b35bf53a25eef31602b3f785c925e9	0	0	0	0	0	0	0	0	0	0	0	0	0	62	0	0	0	0	0	0	0	0	0	0	0	0	0	0	0	0	0	0	0	0	0	0	0	0	0	0	0	0	0	0	0	0	0	0	0
b85d30e7e00112806dc705a8c3e59730	0	0	0	0	0	0	0	0	0	0	0	0	12	0	0	0	0	25	0	0	0	0	0	0	0	0	0	0	0	0	0	0	0	0	0	0	0	0	0	0	0	30	0	0	0	0	0	0	0
b98d245c042075fa94c4a01ffd4f9db8	0	0	0	3	0	0	0	0	0	0	111	0	0	0	0	0	0	0	0	0	100	0	144	19	0	26	0	63	17	94	0	0	23	0	0	0	0	0	0	1	6	42	6	0	0	0	0	0	0
b9ae7f2a27e7206096d9a08dcf2532eb	0	0	0	0	0	0	0	0	0	0	0	0	0	0	0	0	0	0	0	0	71	0	0	0	0	0	0	0	0	0	0	0	0	0	0	0	0	0	0	0	0	0	0	0	0	0	0	0	0
b9def2b5171854db3c085e09e3d71d25	0	0	0	0	0	0	0	0	0	0	0	0	0	0	0	0	0	0	0	0	0	0	0	0	0	0	90	0	0	0	0	0	0	0	0	0	0	0	0	0	0	0	0	0	0	0	0	0	0
ba06b18e8bb2ff80ea467560ae86b672	0	0	0	0	0	0	0	0	0	39	0	0	0	0	0	0	0	0	0	0	0	13	0	0	0	0	0	0	0	0	0	0	10	200	0	0	0	0	0	0	0	0	0	0	0	144	0	79	18
bab216b662bce89d9bca25b2103fd8ec	0	0	0	0	0	0	0	0	0	0	0	0	0	0	0	0	0	0	0	0	0	0	0	0	0	0	0	0	0	0	80	0	0	0	0	0	0	0	0	0	0	0	0	0	0	0	0	0	0
bb0306dd4e70d617a1cb9a45bf9329fc	0	0	0	0	0	0	0	0	0	0	0	0	0	0	0	0	0	0	0	0	0	0	0	0	0	0	190	0	0	0	0	0	0	0	0	0	0	0	0	0	0	0	0	0	0	0	0	0	0
bbd6b723329db44753870a56d15bdbd6	0	0	0	0	0	0	0	0	0	0	0	57	0	0	0	0	0	0	0	0	0	0	0	0	0	0	0	0	0	0	0	0	0	0	0	0	0	0	0	0	0	0	0	0	0	0	0	0	0
bcbd43d985c17b122ecef7c3c46ae4d1	260	0	73	80	0	136	106	292	56	192	248	61	217	463	585	7996	5924	0	408	151	44	31	0	357	135	0	94	0	30	0	128	231	78	0	81	49	182	654	365	213	12	44	668	0	0	0	0	0	0
bcf13bc540e00c02358754d8a1b40a9c	0	0	0	0	0	0	0	0	0	0	0	0	0	0	0	0	0	0	0	0	0	0	0	0	0	0	0	0	0	0	34	0	0	0	0	0	0	0	0	0	0	0	0	0	0	0	0	0	0
bda7407b19e08a674953008a77085c65	0	0	0	0	0	0	0	0	0	0	0	0	0	0	0	0	0	0	0	0	0	0	0	0	0	0	0	0	14	0	0	0	0	0	0	0	0	0	0	0	0	0	0	0	0	0	0	0	0
bdb87097756f45aa57e56f1d9f456f26	0	0	0	0	0	0	0	0	0	0	0	0	0	100	0	0	0	0	0	0	0	0	0	0	0	0	0	0	0	0	0	0	0	0	0	0	0	0	0	0	0	0	0	0	0	0	0	0	0
be673ad467ff44bc0abd3bb295454550	0	0	0	0	0	15	19	0	54	529	838	0	203	716	876	900	1213	0	0	0	0	0	0	0	0	0	0	0	0	0	0	0	0	66	0	0	0	0	0	0	0	0	0	42	0	0	29	0	0
bf509309733cfe62da0a2970c467cff2	0	0	0	0	0	0	0	0	0	0	0	0	0	0	0	569	0	0	305	0	0	0	0	0	695	70	231	0	10	19	0	0	62	0	0	750	0	0	0	167	10	113	0	0	0	0	0	0	0
bf5e2117b32708e4ee57e05933da521a	144	0	0	0	0	0	0	0	0	0	0	0	0	0	0	0	0	0	0	0	0	0	0	0	0	0	0	0	0	0	0	0	0	0	0	0	0	0	0	0	0	0	0	0	0	0	0	0	0
bfab25a003878187c8038ee55fdb7a53	0	0	0	0	0	0	0	0	0	0	49	0	0	0	0	0	0	0	0	0	0	0	0	0	0	0	0	0	0	0	0	0	0	0	0	0	0	0	0	0	0	0	0	0	0	0	0	0	0
bfb5a4c69c13b1f5709aa1ed775a7758	0	0	0	0	0	0	0	0	0	0	0	0	0	0	333	0	0	0	0	0	0	0	0	0	0	0	0	0	0	0	0	0	0	0	0	0	0	0	0	0	0	0	0	0	0	0	0	0	0
c030ecad0cd0504068af5f150dc7b103	0	8	0	2	3	32	190	0	5	87	0	0	0	474	591	0	0	0	0	0	0	0	287	0	0	0	0	0	45	0	0	56	17	21	51	32	0	0	0	0	5	29	79	573	165	2	33	23	20
c07029c83d2f743f61a7b33d43ed9097	119	0	0	0	0	0	0	0	0	0	0	0	0	0	0	0	0	0	0	0	0	0	0	0	0	0	0	0	0	0	0	0	0	0	0	0	0	0	0	0	0	0	0	0	0	0	0	0	0
c08b1e5add3f762b95ae3181f79989db	71	0	0	0	0	0	0	0	0	0	0	88	0	0	0	0	0	0	0	0	0	0	58	0	0	0	57	169	0	29	0	0	72	9	0	0	30	0	0	0	0	28	21	0	0	0	0	0	0
c0b18824ab60460cd31eed51f737f882	100	0	0	0	0	0	0	0	0	0	0	0	0	0	0	0	0	0	0	0	0	0	0	0	0	0	0	0	0	0	0	0	0	0	0	0	0	0	0	0	0	0	0	0	0	0	0	0	0
c1835a8b19228bca70eb11b796bd8c50	0	0	0	0	0	0	0	0	0	0	0	0	0	0	0	0	0	0	0	0	0	0	0	0	116	0	0	0	0	0	0	0	0	0	0	0	0	0	0	0	0	0	0	0	0	0	0	0	0
c1f17b3dc22ac71ee83288f654c93bb3	0	0	0	0	0	0	0	0	0	0	0	0	0	0	0	0	0	0	0	0	0	0	0	0	53	0	0	0	0	0	0	0	0	0	0	0	0	0	0	0	0	0	0	0	0	0	0	0	0
c20012982895b04d13de2f753fab6067	0	12	7	7	0	0	11	0	6	0	168	93	0	59	0	0	0	0	0	0	0	0	356	0	0	0	0	0	0	0	0	0	0	0	0	0	0	0	0	0	0	0	0	175	72	12	47	15	19
c2eec37adc5bf86b34f02e474e5c5a7f	0	0	0	0	0	0	0	0	0	0	0	0	0	0	0	0	162	0	0	0	0	0	0	0	0	0	0	0	0	0	0	0	0	0	0	0	0	0	0	0	0	0	0	0	0	0	0	0	0
c3c1eef842835b054ec197ec4c454a90	0	0	0	0	0	0	0	0	63	95	0	0	0	0	0	0	0	0	0	0	36	0	0	0	0	0	66	0	0	0	0	0	7	0	0	0	0	0	0	0	0	0	0	0	0	0	0	0	0
c3fc0601758785a42422d73338a27546	0	0	0	0	0	0	0	0	0	0	0	0	0	0	0	0	0	0	0	0	0	0	0	0	0	0	0	0	0	0	0	0	0	17	0	0	0	0	0	0	0	0	0	0	0	0	0	0	0
c452739bc99b32eb44344da1766f1d5c	0	0	0	0	0	0	0	0	0	0	0	0	0	0	0	0	0	0	0	0	0	0	0	0	0	0	0	0	0	0	137	0	0	0	0	0	0	0	0	0	0	0	0	0	0	0	0	0	0
c454cbfa342304f0b252b0244f9a823d	0	0	0	0	0	0	0	0	0	0	0	0	0	0	0	0	0	0	0	0	0	0	0	0	0	0	0	0	0	0	0	0	0	0	0	0	123	0	0	0	0	0	0	0	0	0	0	0	0
c4958160589edf0a6ec5375728704778	0	0	0	0	0	0	0	0	0	0	0	0	0	0	0	0	0	0	0	0	0	0	0	0	0	0	0	0	0	0	0	0	0	0	0	0	0	0	0	0	0	0	29	0	0	0	0	0	0
c5267bfe071a69f2920e4b685112f9cb	0	0	0	0	0	0	0	0	0	0	0	0	0	0	0	0	0	0	0	0	0	0	0	126	0	0	0	0	0	0	0	0	0	0	0	0	0	0	0	0	0	0	0	0	0	0	0	0	0
c52bccc0b786e8759228186240c80880	0	0	0	0	0	0	30	0	13	0	0	0	0	0	0	0	0	0	0	1	0	0	0	0	0	25	0	0	0	0	0	4	77	0	0	0	0	0	0	0	6	26	0	0	0	0	0	0	0
c6fb6ec7b54604e09c4516277c4d4f8b	0	0	0	0	0	0	0	0	0	0	0	0	0	0	0	0	0	0	0	15	0	0	0	0	0	0	0	0	0	0	0	0	0	0	0	0	0	0	0	0	0	0	0	0	0	0	0	0	0
c73c11c0d8b73d825099e12aaaefb637	0	0	0	0	0	0	0	0	0	0	0	0	0	0	0	0	0	0	0	0	0	0	0	0	0	0	92	0	0	0	0	0	0	0	0	0	0	0	0	0	0	0	0	0	0	0	0	0	0
c73cefb2b4ac8de08ae0c68341cbb28f	133	0	0	0	0	0	0	0	0	0	0	0	0	0	0	0	0	0	0	0	0	0	0	0	0	0	0	0	0	0	0	0	0	0	0	0	0	0	0	0	0	0	0	0	0	0	0	0	0
c852934d5bcaffe502099acbee274eb3	0	0	0	0	0	0	0	0	0	0	0	0	0	0	0	0	0	0	0	0	0	0	0	0	0	51	0	0	0	0	0	0	0	0	0	0	0	0	0	0	0	0	0	0	0	0	0	0	0
c972de9c10572043855aaca4a4da68f4	0	0	0	0	0	0	0	0	0	0	0	0	0	92	0	0	0	0	0	0	0	0	0	0	0	0	0	0	0	0	0	0	0	0	0	0	0	0	0	0	0	0	0	0	0	0	0	0	0
c9bb5d5fc530c1dca2f73a53bb77141c	0	0	0	0	0	0	0	0	0	0	0	40	0	0	0	0	0	0	0	0	0	0	0	0	0	0	0	0	0	0	0	0	7	0	0	0	0	0	0	0	0	0	36	0	0	0	0	0	0
cab478dd06f6deaefd00712230815e9e	0	0	0	0	0	0	0	0	0	0	0	0	0	0	0	0	132	0	0	0	0	0	0	0	0	0	0	0	0	0	0	0	0	0	0	0	0	0	0	0	0	0	0	0	0	0	0	0	0
cb17be39fabe38eb2368ba0635321393	0	0	0	0	0	0	0	0	0	0	0	0	0	0	0	0	0	0	0	0	0	0	0	0	0	0	0	0	0	100	0	0	0	0	0	0	0	0	0	0	0	0	0	0	0	0	0	0	0
cc23248fc9f0058810041c6090c99461	0	0	0	0	0	0	0	0	0	0	0	0	0	0	0	0	0	0	31	0	0	0	0	0	0	0	0	0	0	0	0	0	0	0	0	0	0	0	0	0	0	0	0	0	0	0	0	0	0
cd35b1da3450d5271d56dc8ef094f5a3	0	0	0	0	0	0	0	0	0	0	0	0	0	0	0	0	0	0	0	0	0	0	0	0	0	0	0	0	0	0	0	0	0	0	0	98	0	0	0	0	0	0	0	0	0	0	0	0	0
ceac291e523f39df3bc8e956d14c5e0e	0	0	0	0	0	0	0	0	0	0	0	0	0	0	0	0	230	0	0	0	0	0	0	0	0	0	0	0	0	0	0	0	0	0	0	0	0	0	0	0	0	0	0	0	0	0	0	0	0
ced5f183dc83bf9a3831984cefa3b3a1	0	0	0	0	0	0	0	0	0	0	0	0	0	0	0	0	0	0	0	0	0	0	0	0	0	0	0	0	0	0	0	0	0	0	0	0	0	0	0	0	0	0	0	0	0	0	6	0	0
d1037cb2974d16fd6737caf7d268aea3	0	0	0	0	0	0	0	0	3	0	0	0	0	0	0	0	0	0	0	0	0	0	0	0	0	0	0	0	0	0	0	0	0	0	0	0	0	0	0	0	0	0	0	0	0	0	0	0	0
d1af29b8548fccd9f3eada2b18f0eac9	0	0	0	0	0	0	0	0	0	0	0	0	0	0	0	0	0	0	0	0	14	0	0	0	0	0	0	0	0	0	0	0	0	0	0	0	0	0	0	0	0	0	0	0	0	0	0	0	0
d1de955bd9480b3f0c70f78caec5a443	0	0	0	0	0	0	0	0	0	0	0	0	0	0	0	0	0	0	0	0	0	0	0	0	0	49	0	0	0	0	0	0	0	0	0	0	0	0	0	0	0	0	0	0	0	0	0	0	0
d2066edb0e2a2c067ffd4f110b6de60b	0	277	332	363	0	0	37	64	0	0	0	0	0	0	0	0	0	24	0	39	0	46	0	24	0	0	229	0	0	0	0	0	0	80	0	0	0	0	0	0	7	0	0	153	0	0	384	143	195
d26fe7b35e96761f43efea7dd9e9d99f	1776	20	0	0	0	35	47	0	14	0	0	27	73	156	0	848	857	582	266	166	299	43	0	83	82	310	464	137	228	277	483	643	1769	0	415	96	127	772	290	82	205	1436	1481	0	0	31	604	1241	22
d33d1d19c918f501785c1b1c4c550b91	0	0	0	0	0	0	0	0	0	0	0	0	0	0	0	0	0	0	1	0	0	0	0	0	0	0	0	231	0	0	0	0	30	0	0	0	0	0	0	0	2	43	18	0	0	0	0	0	0
d34820a8c9954e292ea9dbc76f4275b4	0	0	0	0	0	0	0	0	0	0	0	0	0	0	0	459	0	0	0	0	0	0	0	0	0	0	0	0	0	0	0	0	0	0	0	0	0	0	206	0	0	0	0	0	0	0	0	0	0
d38ddf42991220b32db6fa282e77c0f5	2895	0	0	0	0	530	386	0	0	0	1072	0	751	384	0	1326	792	92	426	27	466	48	70	46	305	388	1265	466	629	396	491	285	3375	0	523	39	213	0	0	1	347	2686	3349	0	0	13	0	0	0
d3b57d4cf93def7c41d4b9baced940d9	0	0	0	0	0	0	0	0	0	0	0	0	0	0	0	0	0	0	0	0	0	0	18	0	0	0	0	0	0	0	0	0	0	0	0	0	0	0	0	18	0	0	0	0	0	0	0	0	0
d3fd621ceebbbfd380273b3865c1ede9	0	0	0	0	0	0	0	0	0	0	0	7	0	0	0	0	0	0	0	0	0	0	0	0	0	0	0	0	0	0	0	0	0	0	0	0	0	0	0	0	0	0	0	0	0	0	0	0	0
d4fd97e68293a29065e0fa6cdc98d899	0	0	0	0	0	0	0	0	0	0	0	0	0	0	0	0	0	0	0	0	0	0	0	0	0	0	0	0	0	0	0	39	0	0	0	1	1	588	63	178	2	10	120	0	0	0	0	0	0
d6cdcb2444b6a7a5ac1b507c20249de6	0	716	401	619	0	0	0	0	0	0	0	121	33	0	0	0	0	0	0	0	0	0	0	0	0	0	0	0	0	0	0	0	0	19	31	0	0	0	0	0	0	0	0	0	0	53	843	360	113
d8de668ed4c19b2b2ea845f3db18ae79	0	0	0	0	0	0	0	0	0	0	0	0	60	0	0	0	0	0	0	0	0	0	0	0	0	0	0	0	0	0	0	0	0	0	0	0	0	0	0	0	0	0	0	0	0	0	0	0	0
d8fb6776dc893a275f6d1077c9da49d6	0	0	0	0	0	0	0	0	0	0	0	0	0	0	0	0	0	0	0	0	0	0	0	0	74	0	0	0	0	0	0	0	0	0	0	0	0	0	0	0	0	0	0	0	0	0	0	0	0
d964add43fe0c3212cbe19a066dc2a13	0	0	0	0	0	0	0	0	0	0	0	0	0	0	0	0	0	0	0	0	0	0	0	0	0	0	0	0	0	0	0	0	0	0	0	0	0	0	0	0	0	0	0	0	0	0	0	0	6
d9d5fbea7a36e93d9545c7cd9047783d	219	0	0	0	0	0	0	0	0	0	0	0	0	0	0	0	0	0	0	0	0	0	0	0	0	0	0	26	106	58	0	0	131	0	17	0	0	0	0	0	15	84	48	0	0	0	0	0	0
da72262bbf5d38cc328ee1afc64d9e23	0	0	0	0	0	0	0	0	0	0	0	0	0	0	0	331	0	0	0	0	0	0	0	0	0	0	0	0	0	0	0	0	0	0	0	0	0	0	0	0	0	0	0	0	0	0	0	0	0
daa05108bed6292fbd2eedef6214fdff	67	0	0	0	0	0	0	0	0	0	0	0	0	0	0	0	0	0	0	0	0	0	0	0	0	0	0	0	0	0	0	0	0	0	0	0	0	0	0	0	0	0	0	0	0	0	0	0	0
db8615250f29272019fe417d96bf08f3	0	0	14	0	0	0	0	0	0	0	0	0	0	0	0	0	212	58	0	0	0	18	0	40	0	0	0	0	0	95	0	0	0	0	0	0	0	0	0	0	0	0	0	0	0	0	0	0	0
dcefe03c2bfdab295061c42e6a99d18e	0	0	0	0	0	0	0	0	0	0	325	0	0	0	0	0	0	0	0	0	0	0	0	0	0	0	0	0	0	0	0	0	0	0	0	0	0	0	0	0	0	0	0	0	0	0	0	0	0
dd13f5f52e913c432ce4aac4d436eedb	0	0	0	0	0	0	0	0	0	0	0	0	0	0	0	0	0	0	0	0	0	0	0	0	0	0	0	0	0	0	0	0	0	0	0	55	0	0	0	0	0	0	0	0	0	0	0	0	0
de8339905c2655847248b3084379b474	0	326	167	50	0	204	9	23	0	46	78	1479	75	90	74	861	1071	2590	1744	1872	1337	604	35	1379	456	276	467	775	629	1280	167	14	26	157	47	48	40	213	0	191	22	35	482	0	365	58	186	131	707
de88db1d4646866c2a97427a4a9d10f3	0	0	0	0	0	0	0	0	0	0	0	0	0	245	0	0	0	0	0	0	0	0	0	0	0	0	0	0	0	0	0	0	0	0	0	0	0	0	0	0	0	0	0	0	0	0	0	0	0
dedc23ac2bedc9a49f0d9d5f2092f08a	0	0	0	0	0	0	0	0	0	0	0	0	0	0	0	0	0	0	0	0	0	0	0	0	0	0	0	0	0	0	23	0	0	0	0	0	0	0	0	0	0	5	0	0	0	0	0	0	0
df16bf5ad89bf233d6bd539e611b029a	0	0	0	0	0	0	0	0	0	0	0	0	0	0	0	0	0	0	0	0	0	0	0	0	0	0	0	0	0	0	0	0	0	95	0	0	0	0	0	0	0	0	0	0	0	0	0	0	0
df263dae379496c7e522db8a7dbc01c9	0	0	0	0	0	0	0	0	0	6	0	7	0	0	0	0	4	0	0	0	0	0	0	0	0	0	0	0	0	0	0	0	0	0	0	0	0	0	0	19	18	0	0	0	0	0	39	0	0
df675bba40a28ae7813f1f1ccfd8ce4c	0	0	0	0	0	0	0	0	0	0	0	0	0	0	0	0	0	0	0	0	0	0	0	0	0	0	0	0	0	0	0	0	0	0	0	0	0	0	0	0	0	0	47	0	0	0	0	0	0
df6846357baa6a9fecd66b4a1ba513a8	0	5	0	0	0	0	0	0	0	0	0	0	0	0	0	0	0	0	0	0	0	0	0	0	0	0	0	0	0	0	0	0	0	0	0	0	0	0	0	0	0	0	0	0	0	0	0	0	0
e2392713083c8f6836988e5ffdb170c7	0	0	0	0	0	0	0	0	0	0	0	0	0	0	0	0	118	0	0	0	0	0	0	0	0	0	0	0	0	0	0	0	0	0	0	0	0	0	0	0	0	0	0	0	0	0	0	0	0
e36c1eb1045872d1add81144e364c9b9	0	0	0	0	0	0	0	0	0	0	0	0	0	0	0	0	0	0	0	0	0	0	0	0	0	0	0	0	0	0	0	0	0	0	0	0	0	0	0	62	0	0	0	0	0	0	0	0	0
e3e0814edb6112692d96797117949489	69	0	0	0	0	0	0	0	0	0	0	0	0	0	0	0	0	0	0	0	0	0	0	0	0	0	0	0	0	0	0	0	0	0	0	0	0	0	0	0	0	0	0	0	0	0	0	0	0
e468b57f39f048ada7562924022dc516	0	0	0	0	0	0	0	0	0	0	0	0	0	0	0	112	0	0	0	0	0	0	0	0	0	0	0	0	0	0	0	0	0	0	0	0	0	0	0	0	0	0	0	0	0	0	0	0	0
e514fa706026e433bdb5287644753301	0	0	0	0	0	0	0	0	0	0	0	0	0	0	0	0	0	0	0	0	0	0	0	0	0	0	0	0	0	0	0	0	0	0	0	0	0	0	0	0	0	0	0	191	0	0	0	0	0
e7240a28d05a52722a7570029c9a880b	0	0	0	0	0	0	0	0	0	0	0	1219	81	0	0	115	0	0	42	0	0	0	0	0	50	0	0	0	0	0	116	0	51	0	0	140	43	295	0	0	5	53	86	0	0	0	0	12	0
e7697718c9d8e647e6bb7eb822440e38	0	0	0	0	0	0	0	0	0	0	0	0	0	0	0	0	0	0	0	0	0	0	0	0	0	0	179	0	0	0	0	0	0	0	0	0	0	0	0	0	0	0	0	0	0	0	0	0	0
e7f90ff8c7b97da66ce6d940d857e8e4	0	0	0	0	0	0	0	0	0	0	0	0	0	0	0	0	0	0	0	0	0	0	0	0	0	0	0	0	0	0	0	0	0	0	0	0	0	0	0	0	0	0	0	0	35	0	0	0	0
e8d06f06f68d7f48f92f796681a4ab26	0	0	33	0	0	0	0	0	0	0	0	0	0	0	0	0	0	0	0	0	0	0	0	0	0	0	0	0	0	0	0	0	0	0	0	0	0	0	0	0	0	0	0	0	0	0	0	0	0
e90b297d4d2ea0d3c139676f261a0b27	0	0	0	0	0	0	0	0	0	0	0	0	0	0	0	0	0	0	36	0	0	0	0	0	0	0	0	0	0	0	0	0	0	0	0	0	0	0	0	0	0	0	0	0	0	0	0	0	0
e96de42c086d6324a58fd41062bc7f6f	270	0	0	0	0	0	0	0	0	0	0	0	0	0	0	0	0	51	0	0	0	0	0	0	0	0	0	0	0	0	0	0	22	0	0	0	0	0	0	0	2	14	13	0	0	0	6	0	0
e9d13e82268f08829d5b6cdf069a0b94	1417	8697	21647	7645	2	52190	27837	55258	43591	46245	12128	34206	3197	7181	7163	11901	9056	6058	2531	4683	3355	21325	15382	4322	11577	50080	17108	24100	22521	11035	15878	12661	10047	38989	9403	13305	11363	4333	2365	10106	1887	1606	3713	23564	36750	57670	8202	31789	30597
ea364c182199815b78fc2630a9b4d6be	3537	184	143	38	3	376	423	245	98	761	1183	7589	453	765	132	3203	1853	147	369	5	272	4	489	115	937	1025	3826	389	858	603	757	707	4420	414	330	1092	1935	200	340	99	411	3246	3303	123	1351	112	133	282	133
ec908fe3105b9eb1c7c94a72436e241e	363	0	0	0	0	128	54	18	3	0	0	0	15	0	172	0	226	537	353	214	322	4626	0	275	49	81	349	0	47	6	41	28	559	0	115	0	15	256	626	447	259	596	317	0	0	0	0	0	0
ed00c11476e9a07d3441cb0a1073d3ab	0	0	0	0	0	0	0	0	0	0	0	0	0	0	0	0	0	0	0	0	0	0	0	0	0	0	0	0	0	0	0	0	0	124	0	0	0	0	0	0	0	6	0	0	0	0	0	0	3
ed57094384d61f9a2dbc0c0e4ff6fb8a	0	0	0	0	0	0	0	0	0	0	0	0	0	0	0	0	0	0	0	10	0	0	0	0	0	0	0	0	26	0	0	0	10	0	0	0	0	0	0	0	0	14	0	0	0	0	0	0	0
edb60a770bbe58d0ee147058b2a1b13f	0	0	0	0	0	0	0	25	0	0	0	0	0	0	0	0	0	0	0	0	0	0	0	0	0	0	102	0	60	37	0	0	165	0	0	0	29	0	0	0	18	120	116	0	0	0	0	0	0
ede3f152c9a0ae483584dae8e6d2891c	0	0	0	0	0	0	0	0	0	0	0	0	0	0	0	0	0	0	0	0	0	0	0	0	0	0	0	0	0	0	0	0	0	0	0	0	0	0	0	0	0	10	0	0	0	0	0	0	0
ee13e86b3851ec63b2978d6158703fe3	522	0	0	21	0	0	0	136	0	0	0	0	12	192	0	822	147	0	140	0	24	1	0	0	283	128	184	0	57	4	119	28	323	49	5	0	12	0	0	0	27	200	469	0	0	18	68	134	5
ee3c408644b66e62dde706ff463f359a	0	0	0	0	0	0	0	0	0	0	0	0	0	0	0	0	0	0	0	0	124	0	0	0	0	0	0	0	0	0	0	0	0	0	0	0	0	0	0	0	0	0	0	0	0	0	0	0	0
ef311a4fd2c77c6824ceb22df6df37fc	98	0	0	0	0	0	0	0	0	0	0	0	0	0	0	0	312	1222	168	674	643	2475	0	516	2199	3307	776	2428	2842	1948	1095	2692	1292	0	7504	11938	4578	2	183	230	78	347	249	0	0	0	0	0	0
f039b0b8d17ea677b784d2d17cae91a0	0	0	0	0	0	0	0	0	0	219	0	0	0	0	0	0	0	0	0	0	0	0	0	0	0	0	0	0	0	0	0	0	0	0	0	0	0	0	0	0	0	0	0	0	0	0	0	0	0
f2e15a0b398b704a888c965d3b49035b	0	0	0	0	0	0	0	0	0	0	0	0	0	0	0	0	0	0	0	0	0	0	0	0	0	0	0	0	0	0	120	0	0	0	0	0	0	0	0	0	0	0	0	0	0	0	0	0	0
f330e9fc8ac0b4fa01bf42c732e0c211	0	0	0	0	0	0	0	0	0	0	0	0	0	0	0	0	0	0	39	121	36	30	0	0	69	0	0	0	0	0	0	0	0	0	0	67	0	222	32	0	0	0	0	0	0	0	0	0	0
f394b999b0d2fdb6584bf0ee36f3a9db	0	0	0	0	0	0	0	0	0	0	0	0	0	0	0	0	0	159	57	0	585	0	0	0	0	0	0	0	0	0	0	0	0	0	0	0	0	0	0	0	0	0	0	0	0	0	0	0	0
f3aef43ba5fb55ddee5914441203827f	0	0	0	0	0	0	0	0	0	0	0	0	0	0	0	0	0	0	0	0	0	0	0	0	0	0	0	109	0	0	0	0	0	0	0	0	0	0	0	0	0	0	0	0	0	0	0	0	0
f3ca4711d94796503be4e5bbb8a6705b	0	0	0	0	0	0	0	0	0	0	0	17	0	0	0	0	0	0	0	0	0	0	0	2	0	0	0	0	0	0	0	0	7	0	0	0	0	0	0	0	0	0	0	0	0	0	0	0	0
f4d5447013c09b659b99d47459de2042	0	0	0	0	0	0	0	0	0	0	0	0	0	0	0	0	0	0	0	0	0	0	0	0	0	0	0	0	0	0	37	0	8	0	23	0	0	0	0	0	0	0	0	0	0	0	0	0	0
f4e06a173c5c01cd5a1a37c4006b3914	46	0	0	0	0	0	0	0	0	0	0	0	0	179	0	0	0	0	0	16	0	0	0	37	0	33	0	0	0	0	0	0	103	0	0	0	0	0	0	0	10	69	62	0	0	0	0	0	0
f524c4b860dec1e6b994c28dd8e4b75e	0	0	0	0	0	0	0	0	0	0	286	0	0	0	0	0	0	0	0	0	0	0	0	0	0	0	0	0	0	0	0	0	0	0	0	0	0	0	0	0	0	0	0	0	0	0	0	0	0
f556ba7929a19c44f1413abb734344c3	0	0	0	0	0	0	0	0	0	0	0	0	0	202	0	0	0	0	0	0	0	0	0	0	0	0	0	0	0	0	0	0	0	0	0	0	0	0	0	0	0	0	0	0	0	0	0	0	0
f5ca5d430f1b145903b92fc335a4bafd	0	0	0	0	0	0	0	0	0	0	0	0	0	0	0	0	0	0	0	0	0	0	0	0	0	0	0	93	0	0	0	0	0	0	0	0	0	0	0	0	0	0	0	0	0	0	0	0	0
f5e0ea6fe3e45da9605b758c440ae692	0	0	47	0	0	0	0	0	0	0	0	0	0	0	0	0	0	0	0	0	0	0	0	0	0	136	0	0	27	131	0	0	0	0	0	0	0	0	0	0	0	0	0	0	0	0	0	0	0
f62d6d4dd9aa45744e8cb82e5689dcc1	69	0	0	0	0	0	0	0	0	0	0	0	0	0	0	0	0	0	0	0	0	0	0	0	0	0	0	0	0	0	0	0	0	0	0	0	0	0	0	0	0	0	0	0	0	0	0	0	0
f6b3a673a06591a2d5a8936584e64754	0	0	0	0	0	0	0	0	0	0	0	0	0	0	0	0	0	0	0	0	0	0	0	0	0	0	0	0	0	0	0	0	0	0	0	0	0	0	0	0	7	0	0	0	0	0	0	0	0
f6f16c6a8940249afad3f14d90897764	143	0	0	0	0	0	0	0	0	0	0	0	0	49	0	228	0	0	0	0	0	0	0	0	0	0	0	0	0	0	0	0	47	0	0	0	0	0	0	0	15	57	10	0	0	0	0	0	0
f7438a529bac4ee4e8c278122ddade23	26	0	0	0	0	0	0	0	0	0	0	0	0	0	0	0	0	0	0	0	0	0	0	0	0	0	0	0	0	0	0	0	0	0	0	0	0	0	0	0	0	0	0	0	0	0	0	0	0
f753730afbaa726c79bd991f32ea9778	0	0	0	0	0	0	0	0	0	0	0	0	0	0	0	0	0	0	0	0	0	0	0	0	0	0	0	0	0	0	0	0	0	0	0	0	0	0	0	0	0	0	0	81	0	0	0	0	0
f937641d91db232cb7180be9e04fb9e0	0	0	0	0	0	0	0	0	0	0	0	0	0	0	0	0	0	0	0	0	0	0	0	0	0	0	0	0	0	0	0	0	0	0	0	0	0	0	0	0	0	0	94	0	0	0	0	0	0
f953066efe8f75b799b765ee588605ee	0	0	0	0	0	0	0	0	0	0	0	0	0	0	0	0	0	0	0	0	0	0	0	0	0	0	0	0	0	0	41	0	0	0	0	0	0	0	0	0	0	0	0	0	0	0	0	0	0
fa0aa96b82f4bb562d4889562eb697d4	0	0	0	0	0	0	0	0	0	0	0	0	0	0	0	0	0	0	0	0	0	0	0	72	0	0	0	0	0	0	0	0	0	0	0	0	0	0	0	0	0	0	0	0	0	0	0	0	0
fabb742c2e433206af198c90fffbe7ba	0	0	0	0	0	149	137	64	0	0	0	0	0	0	0	0	0	0	0	0	0	0	0	0	0	0	0	0	0	0	161	0	73	0	0	0	74	0	0	0	0	0	0	0	0	0	0	0	0
fad04959094e54281c2e2c4af773e737	0	0	0	0	0	0	0	0	0	0	0	0	0	0	0	0	0	0	45	0	0	0	0	0	0	0	0	0	0	0	0	0	0	0	0	0	0	0	0	0	0	0	0	0	0	0	0	0	0
fb3bb0a4483dcfbc39e8b7ccf8196749	0	0	0	0	0	0	0	0	0	0	0	0	0	0	0	0	0	0	0	0	0	0	0	0	0	0	0	0	0	0	48	0	0	0	0	0	0	0	0	0	0	0	0	0	0	0	0	0	0
fb719ef9197bcd087afc2db36b35d0c5	0	0	0	4	0	0	0	0	0	0	0	0	0	0	0	0	0	0	20	0	0	0	0	9	0	0	0	0	0	0	0	0	0	28	0	0	0	0	0	0	0	0	0	61	0	0	0	0	0
fc3a35d36a4bef6fa8cdb7939ba7cc00	78	0	0	0	0	0	0	0	0	0	0	0	0	0	0	0	0	0	0	0	0	0	0	0	0	0	0	0	0	0	0	0	0	0	0	0	0	0	0	0	0	0	0	0	0	0	0	0	0
fc5fd999093ec0245ae3fb9ad8bfa92d	0	0	0	0	0	0	0	0	0	0	0	0	0	0	0	0	0	0	0	0	0	0	0	0	0	0	0	0	0	61	0	0	0	0	0	0	0	0	0	0	0	0	0	0	0	0	0	0	0
fc6d040e1564a91e1c6d67e1e32b9022	0	0	0	0	0	0	0	0	0	0	0	0	0	0	0	0	0	0	0	0	0	0	0	0	0	0	0	0	0	0	0	0	0	6	0	0	0	0	0	0	0	0	0	0	72	0	0	0	0
ff405ebc8992c59ba51a99e33a12fe74	0	0	0	0	0	0	0	0	0	0	0	0	0	0	0	0	128	0	0	0	0	0	0	0	0	0	0	0	0	0	0	0	0	0	0	0	0	0	0	0	0	0	0	0	0	0	0	0	0
fff5fad17adc1f669f466579efceccbd	0	0	0	0	0	0	0	0	0	0	0	0	0	0	0	0	0	0	0	0	0	0	0	0	0	0	0	0	0	0	0	0	0	0	0	0	0	0	0	110	0	0	0	0	0	0	0	0	0
